head,relation,tail
祝我幸福,包含意象,[]
祝我幸福,核心情感,"['缺憾', '眷恋']"
祝我幸福,风格标签,"['叙事抒情', '口语化']"
祝我幸福,歌曲主题,['爱情']
杨乃文,演唱,祝我幸福
推开世界的门,包含意象,"['泥', '花衣裳']"
推开世界的门,核心情感,"['深情回望', '渴求和解']"
推开世界的门,风格标签,"['民谣叙事', '意象象征']"
推开世界的门,歌曲主题,['成长']
杨乃文,演唱,推开世界的门
日落西沉,包含意象,"['候鸟', '洋流', '流星']"
日落西沉,核心情感,"['释然超脱', '沉静决绝']"
日落西沉,风格标签,"['画面白描', '明确比喻', '内省独白']"
日落西沉,歌曲主题,['爱情']
杨乃文,演唱,日落西沉
女爵,包含意象,"['国境', '城池围墙', '外衣', '王位', '宝座', '女爵']"
女爵,核心情感,"['孤绝的奉献', '权力虚无', '冷寂的炽热']"
女爵,风格标签,"['铺排与复沓', '隐喻体系', '戏剧独白']"
女爵,歌曲主题,['爱情']
杨乃文,演唱,女爵
分开,包含意象,"['伞', '早餐']"
分开,核心情感,"['迷惘', '眷恋']"
分开,风格标签,"['内心剖析', '直白设问']"
分开,歌曲主题,['爱情']
杨乃文,演唱,分开
懂还是不懂,包含意象,[]
懂还是不懂,核心情感,['困惑疏离']
懂还是不懂,风格标签,['重复递进']
懂还是不懂,歌曲主题,['自我认知']
杨乃文,演唱,懂还是不懂
转身,包含意象,"['金币', '名利场', '追光', '明星脸']"
转身,核心情感,"['疏离审视', '冷峻洞悉']"
转身,风格标签,"['排比长句', '社会隐喻笔法', '内心独白式']"
转身,歌曲主题,['人生哲思']
杨乃文,演唱,转身
你就是吃定我,包含意象,[]
你就是吃定我,核心情感,"['清醒的沉沦', '哀怨']"
你就是吃定我,风格标签,"['第二人称直述', '递进式控诉', '直白倾诉']"
你就是吃定我,歌曲主题,['爱情']
杨乃文,演唱,你就是吃定我
不要告别,包含意象,"['香烟', '峰巅']"
不要告别,核心情感,"['沉郁恳求', '虚无疲惫']"
不要告别,风格标签,['浓烈意象']
不要告别,歌曲主题,['离别']
杨乃文,演唱,不要告别
如一,包含意象,[]
如一,核心情感,"['矛盾统一', '超然辩证']"
如一,风格标签,"['对仗排比', '哲学思辨']"
如一,歌曲主题,['人生哲思']
杨乃文,演唱,如一
离心力,包含意象,['星尘']
离心力,核心情感,"['矛盾', '宿命感', '克制']"
离心力,风格标签,"['物理隐喻', '抽象比喻']"
离心力,歌曲主题,['爱情']
杨乃文,演唱,离心力
静止,包含意象,[]
静止,核心情感,"['倦怠', '虚无', '疏离']"
静止,风格标签,"['直白叙述', '生活化比喻']"
静止,歌曲主题,['内心感受']
杨乃文,演唱,静止
贵族的挽歌,包含意象,"['冥河', '挽歌', '荒野', '血']"
贵族的挽歌,核心情感,"['痛感宣泄', '颓废抗争']"
贵族的挽歌,风格标签,"['暗黑美学', '仪式化重复']"
贵族的挽歌,歌曲主题,['生命']
杨乃文,演唱,贵族的挽歌
不得不,包含意象,"['钢筋', '水泥', '花生米']"
不得不,核心情感,"['矛盾决绝', '自我警醒', '疏离审视']"
不得不,风格标签,"['非常规隐喻', '结构重复', '直白宣言']"
不得不,歌曲主题,['爱情']
杨乃文,演唱,不得不
未接来电,包含意象,"['信纸', '收音机', '钢琴']"
未接来电,核心情感,"['隐忍的悲伤', '克制的遗憾']"
未接来电,风格标签,"['复沓咏叹', '意象化抒情', '氛围营造']"
未接来电,歌曲主题,['爱情']
杨乃文,演唱,未接来电
悔过书,包含意象,[]
悔过书,核心情感,"['自责', '矛盾']"
悔过书,风格标签,['内省风格']
悔过书,歌曲主题,['自省']
杨乃文,演唱,悔过书
粉笔做的手,包含意象,['粉笔做的手']
粉笔做的手,核心情感,"['疏离感', '清醒沉沦']"
粉笔做的手,风格标签,"['句式复沓', '意象化表达']"
粉笔做的手,歌曲主题,['人生感悟']
杨乃文,演唱,粉笔做的手
漂着,包含意象,['过期的啤酒']
漂着,核心情感,"['情感钝化', '疏离倦怠']"
漂着,风格标签,['重复铺陈']
漂着,歌曲主题,['爱情']
杨乃文,演唱,漂着
我给的爱,包含意象,['烟蒂']
我给的爱,核心情感,"['孤寂', '无奈']"
我给的爱,风格标签,['反复修辞']
我给的爱,歌曲主题,['爱情']
杨乃文,演唱,我给的爱
一半的孤独,包含意象,[]
一半的孤独,核心情感,"['残缺孤独', '沉溺自欺']"
一半的孤独,风格标签,"['矛盾修辞', '排比重复', '内心独白']"
一半的孤独,歌曲主题,['情感内省']
杨乃文,演唱,一半的孤独
我从来不懂你的幽默,包含意象,"['小丑', '噩梦', '眼神']"
我从来不懂你的幽默,核心情感,"['疏离感', '拒绝共鸣']"
我从来不懂你的幽默,风格标签,"['复沓强调', '直白独白', '决绝口气']"
我从来不懂你的幽默,歌曲主题,['人际关系']
杨乃文,演唱,我从来不懂你的幽默
野蛮,包含意象,[]
野蛮,核心情感,"['疏离感', '冷峻', '自持', '决绝']"
野蛮,风格标签,"['简洁冷冽', '内在冲突', '冷调氛围']"
野蛮,歌曲主题,['分手']
杨乃文,演唱,野蛮
星星堆满天,包含意象,"['星星', '月圆']"
星星堆满天,核心情感,"['偏执沉溺', '矛盾无奈']"
星星堆满天,风格标签,"['口语直白', '复沓结构']"
星星堆满天,歌曲主题,['爱情']
杨乃文,演唱,星星堆满天
明天,包含意象,[]
明天,核心情感,"['存在主义彷徨', '挽歌式哀叹']"
明天,风格标签,"['复沓咏叹', '口语化思辨', '存在主义追问']"
明天,歌曲主题,['生命沉思']
杨乃文,演唱,明天
思绪的尽头,包含意象,"['巷', '笔']"
思绪的尽头,核心情感,"['疏离淡漠', '虚无哲思']"
思绪的尽头,风格标签,"['重复铺陈', '冷冽抽象']"
思绪的尽头,歌曲主题,['内在探索']
杨乃文,演唱,思绪的尽头
爱我自己,包含意象,"['毛线', '照片']"
爱我自己,核心情感,['果敢自爱']
爱我自己,风格标签,['具象象征']
爱我自己,歌曲主题,['自我成长']
杨乃文,演唱,爱我自己
释怀,包含意象,"['地狱', '天空', '尘埃']"
释怀,核心情感,"['复杂自省', '宁静接纳']"
释怀,风格标签,"['对比手法', '哲理思辨']"
释怀,歌曲主题,['成人情感']
杨乃文,演唱,释怀
Silence,包含意象,[]
Silence,核心情感,"['孤绝自毁', '困兽之斗']"
Silence,风格标签,"['直白呐喊', '词眼重复']"
Silence,歌曲主题,['关系挣扎']
杨乃文,演唱,Silence
小心我撒野,包含意象,[]
小心我撒野,核心情感,"['压抑蓄积', '决绝爆发']"
小心我撒野,风格标签,"['排比递进', '直白警告']"
小心我撒野,歌曲主题,['关系警告']
杨乃文,演唱,小心我撒野
Flow,包含意象,['霓虹']
Flow,核心情感,"['迷茫追寻', '释然超脱']"
Flow,风格标签,"['意象对比', '重复结构', '简约抽象']"
Flow,歌曲主题,['自我追寻']
杨乃文,演唱,Flow
堕落,包含意象,[]
堕落,核心情感,"['沉溺', '颓废的自省']"
堕落,风格标签,"['内心独白', '口语化倾诉']"
堕落,歌曲主题,['爱情']
杨乃文,演唱,堕落
证据,包含意象,"['红酒', '双鱼', '天蝎', '漩涡', '黑洞']"
证据,核心情感,"['幽愤', '反讽', '冷峻']"
证据,风格标签,"['直白宣泄', '超现实比喻', '戏剧独白']"
证据,歌曲主题,['爱情']
杨乃文,演唱,证据
我离开我自己,包含意象,"['灰烬', '烟', '倦鸟']"
我离开我自己,核心情感,"['决绝疏离', '冷寂自省']"
我离开我自己,风格标签,"['隐喻象征', '冷峻笔触', '凝练克制']"
我离开我自己,歌曲主题,['内心独白']
杨乃文,演唱,我离开我自己
如今,包含意象,"['防空洞', '台灯']"
如今,核心情感,"['沉溺性哀伤', '无力感']"
如今,风格标签,"['结构工整', '隐喻性语言']"
如今,歌曲主题,['怀旧']
杨乃文,演唱,如今
不再,包含意象,['路口']
不再,核心情感,"['疏离', '释然']"
不再,风格标签,"['结构复沓', '口语化哲思']"
不再,歌曲主题,['爱情']
杨乃文,演唱,不再
鹦鹉,包含意象,['鹦鹉']
鹦鹉,核心情感,['疏离的清醒']
鹦鹉,风格标签,"['比喻修辞', '直白批判']"
鹦鹉,歌曲主题,['爱情']
杨乃文,演唱,鹦鹉
Queen,包含意象,"['烟火', '国王', '新衣', '皇后', '小人国']"
Queen,核心情感,"['冷峻自持', '讥诮决绝', '怨愤控诉']"
Queen,风格标签,"['隐喻讽刺', '直白宣泄', '第二人称叙事']"
Queen,歌曲主题,['女性宣言']
杨乃文,演唱,Queen
说不出口,包含意象,[]
说不出口,核心情感,"['释然', '决绝', '憧憬']"
说不出口,风格标签,"['排比修辞', '意象化']"
说不出口,歌曲主题,['个人成长']
杨乃文,演唱,说不出口
伤心地狱芳花引魂,包含意象,"['孽镜台', '大铁围山', '无间地狱', '火烧狱城', '北阴酆都', '十殿阎君', '乌白无常', '阿修罗']"
伤心地狱芳花引魂,核心情感,"['绝望悲悯', '孤绝承担']"
伤心地狱芳花引魂,风格标签,"['宗教意象', '阴郁叙事']"
伤心地狱芳花引魂,歌曲主题,['灵魂主题']
珂拉琪,演唱,伤心地狱芳花引魂
葬予规路火烌犹在,包含意象,"['铳', '涂跤', '鬼使火神', '过路阴司', '桥']"
葬予规路火烌犹在,核心情感,"['绝望', '悲愤', '决绝']"
葬予规路火烌犹在,风格标签,"['闽南语文言融合', '神话寓言叙事']"
葬予规路火烌犹在,歌曲主题,['社会议题']
珂拉琪,演唱,葬予规路火烌犹在
万千花蕊慈母悲哀,包含意象,"['西北雨', '窗外的衫', '一支雨伞', '电火', '无欲转来的人', '旗仔', '香']"
万千花蕊慈母悲哀,核心情感,"['悲怆', '哀恸', '痴守', '牵念']"
万千花蕊慈母悲哀,风格标签,"['方言创作', '超现实意象', '私密叙事']"
万千花蕊慈母悲哀,歌曲主题,['时代创伤']
珂拉琪,演唱,万千花蕊慈母悲哀
这该死的拘执佮爱,包含意象,"['血', '纸', '落水的人']"
这该死的拘执佮爱,核心情感,"['单向执念', '无望固守']"
这该死的拘执佮爱,风格标签,"['闽南语作词', '生死隐喻', '意象化表达']"
这该死的拘执佮爱,歌曲主题,['爱情']
珂拉琪,演唱,这该死的拘执佮爱
许和平,包含意象,"['树叶飘摇', '偷岁月的贼', '白发']"
许和平,核心情感,"['温情牵挂', '坦然面对']"
许和平,风格标签,"['复沓手法', '对话体']"
许和平,歌曲主题,['亲情']
许钧,演唱,许和平
筛子浪,包含意象,"['船帆', '桅杆', '种子', '信', '石头', '时钟']"
筛子浪,核心情感,"['澄明', '旷达', '内省']"
筛子浪,风格标签,"['凝练诗性', '航海意象', '复沓递进']"
筛子浪,歌曲主题,['成长感悟']
许钧,演唱,筛子浪
自己,包含意象,"['面包', '手臂']"
自己,核心情感,"['自励', '内省']"
自己,风格标签,"['人生指南体', '哲理劝诫']"
自己,歌曲主题,['自我成长']
许钧,演唱,自己
果实,包含意象,"['果实', '叶子', '阳光', '名字', '孔洞']"
果实,核心情感,"['沉溺', '内省', '克制的哀伤']"
果实,风格标签,"['生活化比喻', '私语感', '超现实意象', '复沓结构']"
果实,歌曲主题,['人生感悟']
许钧,演唱,果实
方法论,包含意象,[]
方法论,核心情感,"['颓唐', '无力感', '自嘲']"
方法论,风格标签,"['重复咏叹', '口语直白', '简洁叙事']"
方法论,歌曲主题,['人生感悟']
许钧,演唱,方法论
Feathers,包含意象,"['feathers', 'leaf', 'seed', 'patterns']"
Feathers,核心情感,"['超然', '释然']"
Feathers,风格标签,"['比喻丰富', '结构复沓']"
Feathers,歌曲主题,['成长']
许钧,演唱,Feathers
期待集,包含意象,[]
期待集,核心情感,"['沉静审视', '矛盾张力']"
期待集,风格标签,"['极简主义', '并列结构', '口语重复']"
期待集,歌曲主题,['生活哲思']
许钧,演唱,期待集
只有一个办法,包含意象,[]
只有一个办法,核心情感,['困顿执着']
只有一个办法,风格标签,"['强调重复', '白描直叙', '循环结构']"
只有一个办法,歌曲主题,['人生处境']
许钧,演唱,只有一个办法
问题,包含意象,['泡沫']
问题,核心情感,"['成长的幻灭', '倦怠感']"
问题,风格标签,"['回环复沓', '自白体']"
问题,歌曲主题,['成长']
许钧,演唱,问题
29,包含意象,"['山川', '灯火阑珊']"
29,核心情感,"['惘然', '郁结']"
29,风格标签,['自述体']
29,歌曲主题,['自我对话']
许钧,演唱,29
Hero,包含意象,"['皮衣', '甲板', '海鸥', '拳头']"
Hero,核心情感,"['孤勇', '笃定', '昂扬']"
Hero,风格标签,"['中英交织', '宣言体', '意象叙事']"
Hero,歌曲主题,['励志']
许钧,演唱,Hero
中了爱情一枪,包含意象,['血泊']
中了爱情一枪,核心情感,"['伤痛后的决绝', '释然的献祭']"
中了爱情一枪,风格标签,"['意象对抗', '内心叙事诗', '仪式性重复']"
中了爱情一枪,歌曲主题,['爱情']
许钧,演唱,中了爱情一枪
乐队,包含意象,"['钢琴', '四分音符', '贝斯', '汗毛', '发丝', '吉他', '合成器', '路边']"
乐队,核心情感,"['疲惫坚守', '苦中作庆', '短暂欢愉']"
乐队,风格标签,"['行业术语叙事', '结构复沓', '身体细节描写']"
乐队,歌曲主题,['伙伴情谊']
许钧,演唱,乐队
歌一切,包含意象,[]
歌一切,核心情感,['超然观照']
歌一切,风格标签,"['前缀重复', '抽象咏叹']"
歌一切,歌曲主题,['生命咏叹']
许钧,演唱,歌一切
疯子,包含意象,"['6平方小屋', '山川湖海', '高山']"
疯子,核心情感,"['疏离与自嘲', '释然与追寻', '激越与抗争']"
疯子,风格标签,"['叙事性作词', '超现实意象', '中英文穿插']"
疯子,歌曲主题,['社会认知']
许钧,演唱,疯子
风筝,包含意象,[]
风筝,核心情感,['深情洒脱']
风筝,风格标签,['比喻自白']
风筝,歌曲主题,['自我表达']
许钧,演唱,风筝
万松岭的嬉皮士,包含意象,['灯火']
万松岭的嬉皮士,核心情感,"['坚韧憧憬', '集体欢腾']"
万松岭的嬉皮士,风格标签,"['结构复沓', '宣言式表达', '比喻修辞']"
万松岭的嬉皮士,歌曲主题,['理想追求']
许钧,演唱,万松岭的嬉皮士
火车司机,包含意象,"['窗口', '满月', '云海']"
火车司机,核心情感,"['释然', '执着']"
火车司机,风格标签,"['重复强调', '排比递进']"
火车司机,歌曲主题,['人生思考']
许钧,演唱,火车司机
形容你,包含意象,['百亩土地']
形容你,核心情感,"['矛盾爱意', '自我剖析']"
形容你,风格标签,"['对立修辞', '第二人称倾诉', '散文诗结构']"
形容你,歌曲主题,['爱情']
许钧,演唱,形容你
惯,包含意象,"['礁石', '森林']"
惯,核心情感,"['矛盾卑亢', '自毁式奉献']"
惯,风格标签,"['独白体', '密集排比']"
惯,歌曲主题,['爱情']
许钧,演唱,惯
羽毛,包含意象,"['feathers', 'leaf', 'seed']"
羽毛,核心情感,['超脱追寻']
羽毛,风格标签,"['中英双语创作', '复沓句式', '比喻修辞']"
羽毛,歌曲主题,['追寻']
许钧,演唱,羽毛
讯号,包含意象,"['泥沼', '讯号']"
讯号,核心情感,"['信念感', '执着']"
讯号,风格标签,"['对话体', '倾诉式']"
讯号,歌曲主题,['寻找与连接']
许钧,演唱,讯号
只字不提,包含意象,"['河流', '宇宙']"
只字不提,核心情感,"['沉郁', '隐痛']"
只字不提,风格标签,"['意象对仗', '含蓄表达']"
只字不提,歌曲主题,['爱情']
许钧,演唱,只字不提
往后,包含意象,['山川湖海']
往后,核心情感,"['豁达', '释然', '豪情']"
往后,风格标签,"['复沓结构', '哲思咏叹', '简洁口语']"
往后,歌曲主题,['人生感悟']
许钧,演唱,往后
美梦公司,包含意象,[]
美梦公司,核心情感,"['冷峻反讽', '异化疏离']"
美梦公司,风格标签,"['句式工整', '寓言叙事', '冷感笔触']"
美梦公司,歌曲主题,['社会批判']
许钧,演唱,美梦公司
小小城中男孩,包含意象,"['伞', '饼干', '操场', '成绩单', '网吧', '单车']"
小小城中男孩,核心情感,"['怀旧', '释然', '温馨']"
小小城中男孩,风格标签,"['白描写实', '叙事民谣', '采样拼贴']"
小小城中男孩,歌曲主题,['怀旧']
许钧,演唱,小小城中男孩
火箭男孩,包含意象,"['火箭', '飞行帽的鸟', '白皮肤的鼹鼠', '云做的衣服', '短鼻子的大象', '银河', '巨人', '闪电', '天鹅', '海豚', '巨浪']"
火箭男孩,核心情感,"['孤勇', '奇遇', '慰藉']"
火箭男孩,风格标签,"['叠句强调', '意象拼贴', '童话叙事']"
火箭男孩,歌曲主题,['成长']
许钧,演唱,火箭男孩
致己,包含意象,"['舞蹈', '歌唱', '大笑']"
致己,核心情感,"['倔强', '坦诚']"
致己,风格标签,"['直白口语', '复沓强调']"
致己,歌曲主题,['自我']
许钧,演唱,致己
来自世界的晚安,包含意象,"['孩子', '游戏']"
来自世界的晚安,核心情感,"['疲惫劝慰', '黯淡希冀']"
来自世界的晚安,风格标签,"['中英夹杂', '对话絮语']"
来自世界的晚安,歌曲主题,['世代寄语']
许钧,演唱,来自世界的晚安
垂髫,包含意象,[]
垂髫,核心情感,"['怅惘', '慰藉']"
垂髫,风格标签,"['口语化', '重复结构']"
垂髫,歌曲主题,['怀旧']
许钧,演唱,垂髫
烂情,包含意象,['暴雨']
烂情,核心情感,"['沉沦颓唐', '不甘漠然']"
烂情,风格标签,"['私语呢喃', '凝练扭曲']"
烂情,歌曲主题,['爱情']
许钧,演唱,烂情
我们,包含意象,"['海岸', '歌']"
我们,核心情感,"['关怀', '释然', '期许']"
我们,风格标签,"['诗意叙事', '结构复沓']"
我们,歌曲主题,['心灵共鸣']
魏如萱,演唱,我们
恶口,包含意象,"['培养土', '夏夜晚风']"
恶口,核心情感,"['语言暴力', '讽刺抒情']"
恶口,风格标签,"['矛盾修辞', '语言实验']"
恶口,歌曲主题,['关系议题']
魏如萱,演唱,恶口
四月是适合说谎的日子,包含意象,"['青鸟', '泥巴地', '纹身', '银河']"
四月是适合说谎的日子,核心情感,"['矛盾依存', '沉郁自毁', '病态浪漫']"
四月是适合说谎的日子,风格标签,"['私密对话体', '意象跳跃', '冷峻叙事']"
四月是适合说谎的日子,歌曲主题,['病态关系']
魏如萱,演唱,四月是适合说谎的日子
纸黏土,包含意象,"['青蛙的贵族', '纸黏土', '静物']"
纸黏土,核心情感,"['甘愿', '自足', '笃定']"
纸黏土,风格标签,['意象并置']
纸黏土,歌曲主题,['爱情']
魏如萱,演唱,纸黏土
女人经痛时,包含意象,"['卫生棉', '大姨妈', '肚皮舞']"
女人经痛时,核心情感,"['痛楚', '戏谑']"
女人经痛时,风格标签,"['口语直白', '拟人化', '中英混杂']"
女人经痛时,歌曲主题,['女性体验']
魏如萱,演唱,女人经痛时
你还是你吗,包含意象,"['雨伞', '白头发', '44次的日落', '失眠的城市']"
你还是你吗,核心情感,"['喧嚣怀旧', '无奈感', '自我怀疑', '孤寂']"
你还是你吗,风格标签,"['口语絮语', '精确数字意象', '拟人化']"
你还是你吗,歌曲主题,['怀念']
魏如萱,演唱,你还是你吗
还是要相信爱情啊混蛋们,包含意象,"['废墟', '潜意识', '烈酒', '宠物', '恶魔', '天使', '咒语', '谜']"
还是要相信爱情啊混蛋们,核心情感,"['矛盾审视', '悲观的坚持']"
还是要相信爱情啊混蛋们,风格标签,"['解构主义', '口语化呼唤']"
还是要相信爱情啊混蛋们,歌曲主题,['爱情']
魏如萱,演唱,还是要相信爱情啊混蛋们
很小很小,包含意象,"['群鸟', '瀑布', '纹理']"
很小很小,核心情感,"['矛盾内耗', '细腻痛苦']"
很小很小,风格标签,"['重复强调', '内省独白']"
很小很小,歌曲主题,['爱情']
魏如萱,演唱,很小很小
三个字,包含意象,['电话号码']
三个字,核心情感,"['疏离', '讽刺']"
三个字,风格标签,['直白叙事']
三个字,歌曲主题,['人际关系']
魏如萱,演唱,三个字
变形金刚,包含意象,"['蟑螂', '关节']"
变形金刚,核心情感,"['坚韧', '奉献']"
变形金刚,风格标签,['比喻修辞']
变形金刚,歌曲主题,['亲情']
魏如萱,演唱,变形金刚
你啊你啊,包含意象,[]
你啊你啊,核心情感,"['隐忍的痛楚', '深情的质问']"
你啊你啊,风格标签,"['方言口语融合', '拟声词吟唱']"
你啊你啊,歌曲主题,['爱情']
魏如萱,演唱,你啊你啊
星期三或礼拜三,包含意象,['帆']
星期三或礼拜三,核心情感,['含蓄确认']
星期三或礼拜三,风格标签,"['星期隐喻', '日常诗化']"
星期三或礼拜三,歌曲主题,['爱情']
魏如萱,演唱,星期三或礼拜三
卖花的人,包含意象,"['硬币', '兜售', '微香', '花火']"
卖花的人,核心情感,"['困顿疏离', '沉静慰藉']"
卖花的人,风格标签,"['叙事白描', '多语交织', '意象拼贴']"
卖花的人,歌曲主题,['职业人生']
魏如萱,演唱,卖花的人
飞鸟,包含意象,"['羽毛', '蝴蝶结', '暮角残光']"
飞鸟,核心情感,"['温柔伤痛', '矛盾依赖']"
飞鸟,风格标签,"['意象比喻', '抒情叙事']"
飞鸟,歌曲主题,['爱情']
魏如萱,演唱,飞鸟
既然不再假装自己不是多愁善感的诗人,包含意象,"['碎玻璃', '铁花', '沾满鲜血的鲜花', '手术刀', '断弦', '末梢神经']"
既然不再假装自己不是多愁善感的诗人,核心情感,"['痛觉复苏', '冷峻自省', '决绝疏离']"
既然不再假装自己不是多愁善感的诗人,风格标签,"['暴力意象', '隐喻解构', '锐利白描']"
既然不再假装自己不是多愁善感的诗人,歌曲主题,['自我剖析']
魏如萱,演唱,既然不再假装自己不是多愁善感的诗人
好吗好吗,包含意象,"['汤', '衣服', '路']"
好吗好吗,核心情感,"['眷恋', '慰藉']"
好吗好吗,风格标签,"['口语叙事', '重复铺陈']"
好吗好吗,歌曲主题,['爱情']
魏如萱,演唱,好吗好吗
怪奇的珍珠,包含意象,"['珍珠', '沧海']"
怪奇的珍珠,核心情感,"['痛楚的肯定', '自反性哀伤']"
怪奇的珍珠,风格标签,"['意象解构', '内省独白', '矛盾修辞']"
怪奇的珍珠,歌曲主题,['自我认知']
魏如萱,演唱,怪奇的珍珠
末路狂花,包含意象,"['花', '晚霞', '烟花', '猫']"
末路狂花,核心情感,"['悲壮', '孤傲']"
末路狂花,风格标签,"['隐喻', '自白体', '都市寓言']"
末路狂花,歌曲主题,['个人抗争']
魏如萱,演唱,末路狂花
小鱼,包含意象,[]
小鱼,核心情感,"['温柔哀伤', '含蓄怅惘']"
小鱼,风格标签,"['假设性比喻', '结构复沓']"
小鱼,歌曲主题,['爱情']
魏如萱,演唱,小鱼
好像好像,包含意象,"['烈日的天空', '无人知晓的森林', '落日', '微光', '纯白色的岛屿']"
好像好像,核心情感,"['暧昧犹疑', '压抑悲伤']"
好像好像,风格标签,"['矛盾修辞', '反复咏叹']"
好像好像,歌曲主题,['爱情']
魏如萱,演唱,好像好像
我不是数学家,包含意象,[]
我不是数学家,核心情感,"['困惑', '无奈']"
我不是数学家,风格标签,['数学隐喻']
我不是数学家,歌曲主题,['爱情']
魏如萱,演唱,我不是数学家
HAVE A NICE DAY,包含意象,[]
HAVE A NICE DAY,核心情感,"['苦中作乐', '诙谐自嘲']"
HAVE A NICE DAY,风格标签,"['口语叙事', '中英混用']"
HAVE A NICE DAY,歌曲主题,['生活杂感']
魏如萱,演唱,HAVE A NICE DAY
例如离开,包含意象,[]
例如离开,核心情感,"['情感钝化', '自我疏离']"
例如离开,风格标签,"['排比自省', '矛盾修辞']"
例如离开,歌曲主题,['成长感悟']
魏如萱,演唱,例如离开
奶奶,包含意象,['毛线']
奶奶,核心情感,"['温情', '感恩', '牵挂']"
奶奶,风格标签,"['多语种交织', '口语叙事', '经典引用']"
奶奶,歌曲主题,['亲情']
魏如萱,演唱,奶奶
劣根,包含意象,"['污点', '草稿', '祷告', '胡闹', '画意']"
劣根,核心情感,"['自毁倾向', '病态依恋', '反讽自嘲']"
劣根,风格标签,"['对立修辞', '自我解构']"
劣根,歌曲主题,['爱情']
魏如萱,演唱,劣根
晚安晚安,包含意象,"['猫', '照片', 'mon Chéri', 'bisoux']"
晚安晚安,核心情感,"['夜间怀人', '缱绻惦念']"
晚安晚安,风格标签,"['口语独白', '外语词缀', '复沓结构']"
晚安晚安,歌曲主题,['人际关系']
魏如萱,演唱,晚安晚安
一时,包含意象,"['林黛玉', '爱丽丝']"
一时,核心情感,"['迷惘', '虚无']"
一时,风格标签,"['数字游戏', '意象拼贴']"
一时,歌曲主题,['情感关系']
魏如萱,演唱,一时
美人,包含意象,['荨麻疹']
美人,核心情感,"['坦然接纳', '集体共融']"
美人,风格标签,"['日常哲思', '身体意象']"
美人,歌曲主题,['自我认同']
魏如萱,演唱,美人
陨石,包含意象,"['外星球', '皇后', '沙漠', '心球', '坑洞', '细菌', '毛细孔']"
陨石,核心情感,"['痴迷狂热', '温柔暴烈']"
陨石,风格标签,"['超现实比喻', '科幻抒情']"
陨石,歌曲主题,['爱情']
魏如萱,演唱,陨石
没事不哭,包含意象,"['毛球', '破洞']"
没事不哭,核心情感,"['隐忍压抑', '无奈接受']"
没事不哭,风格标签,"['口语重复', '具象隐喻']"
没事不哭,歌曲主题,['情感疗愈']
魏如萱,演唱,没事不哭
窃笑,包含意象,"['灰暗', '叹息', '吻']"
窃笑,核心情感,"['自嘲', '悲凉']"
窃笑,风格标签,['暗喻叙事']
窃笑,歌曲主题,['爱情']
魏如萱,演唱,窃笑
时间,包含意象,"['琴弦', '韵律', '画面']"
时间,核心情感,"['韶华已逝', '命运无常', '泰然处之']"
时间,风格标签,"['排比修辞', '主词复沓', '拟声吟唱']"
时间,歌曲主题,['时间哲思']
声音玩具,演唱,时间
和那些人一样,包含意象,"['吉他', '河流', '雪山', '冰川']"
和那些人一样,核心情感,"['迷惘', '哲思']"
和那些人一样,风格标签,"['民谣摇滚', '叙事性', '哲理性']"
和那些人一样,歌曲主题,['人生思考']
声音玩具,演唱,和那些人一样
你的城市,包含意象,['剃刀']
你的城市,核心情感,['坚韧的感伤']
你的城市,风格标签,"['文学化比喻', '复沓咏叹']"
你的城市,歌曲主题,['爱情']
声音玩具,演唱,你的城市
没有人能够比我们更接近对方,包含意象,"['鸢尾花', '麦田']"
没有人能够比我们更接近对方,核心情感,['沉静缅怀']
没有人能够比我们更接近对方,风格标签,['叙事意象']
没有人能够比我们更接近对方,歌曲主题,['爱情']
声音玩具,演唱,没有人能够比我们更接近对方
美术课,包含意象,"['画布', '碳粉', '墨砚', '蓝色的蝴蝶']"
美术课,核心情感,"['怅惘怀念', '悲悯美学']"
美术课,风格标签,"['具象写作', '核心意象贯穿', '叙述性']"
美术课,歌曲主题,['成长记忆']
艾怡良,演唱,美术课
抓蝴蝶,包含意象,"['蜘蛛', '蝴蝶', '镜面', '薄荷蓝', '烈酒']"
抓蝴蝶,核心情感,"['迷幻疏离', '挑衅自嘲']"
抓蝴蝶,风格标签,"['镜头语言', '戏剧独白']"
抓蝴蝶,歌曲主题,['角色扮演']
艾怡良,演唱,抓蝴蝶
夜晚出生的小孩,包含意象,"['烟霾', '大火', '鬼魂', '枯树', '指纹']"
夜晚出生的小孩,核心情感,['悲悯超然']
夜晚出生的小孩,风格标签,['超现实叙事']
夜晚出生的小孩,歌曲主题,['心灵成长']
艾怡良,演唱,夜晚出生的小孩
我们的总和,包含意象,"['纸篓', '表格', '铅笔', '小数点']"
我们的总和,核心情感,"['清醒的徒劳', '审慎的无奈']"
我们的总和,风格标签,"['数学隐喻', '内心独白', '凝练自白']"
我们的总和,歌曲主题,['情感关系']
艾怡良,演唱,我们的总和
Waterfall,包含意象,"['树海', '深潭', '水花', '漩涡']"
Waterfall,核心情感,"['悲壮', '超然']"
Waterfall,风格标签,"['密集排比', '对比修辞', '抽象哲思']"
Waterfall,歌曲主题,['人生感悟']
艾怡良,演唱,Waterfall
大人情歌,包含意象,"['香水', '洋装', '臂弯', '枝芽']"
大人情歌,核心情感,"['复杂况味', '执拗无悔']"
大人情歌,风格标签,"['内心独白', '比喻写作', '对唱呼应']"
大人情歌,歌曲主题,['爱情']
艾怡良,演唱,大人情歌
带我去一个阳光普照的岛屿,包含意象,"['岛屿', '潮汐', '贝壳', '糖浆', '五只脚八只手两颗头脑']"
带我去一个阳光普照的岛屿,核心情感,['超脱向往']
带我去一个阳光普照的岛屿,风格标签,"['具象描写', '对话式表达']"
带我去一个阳光普照的岛屿,歌曲主题,['爱情']
艾怡良,演唱,带我去一个阳光普照的岛屿
我不知道爱是什么,包含意象,[]
我不知道爱是什么,核心情感,"['疏离迷茫', '倔强自持']"
我不知道爱是什么,风格标签,"['排比递进', '抽象思辨']"
我不知道爱是什么,歌曲主题,['爱情']
艾怡良,演唱,我不知道爱是什么
Never Be The Same,包含意象,[]
Never Be The Same,核心情感,"['决绝告别', '自我追寻']"
Never Be The Same,风格标签,"['矛盾修辞', '内心独白']"
Never Be The Same,歌曲主题,['自我追寻']
艾怡良,演唱,Never Be The Same
逃生计划,包含意象,"['背', '房间', '钮扣', '体温']"
逃生计划,核心情感,"['决绝逃离', '压抑反抗']"
逃生计划,风格标签,"['私密叙事', '意象变形', '暗喻密集']"
逃生计划,歌曲主题,['逃离']
艾怡良,演唱,逃生计划
Forever Young,包含意象,"['沙漏', '皱纹', '信徒', '骨架', '内脏']"
Forever Young,核心情感,"['纵情不羁', '坦然坚定']"
Forever Young,风格标签,"['矛盾修辞', '意象并置']"
Forever Young,歌曲主题,['人生感悟']
艾怡良,演唱,Forever Young
给朱利安,包含意象,"['画布', '签诗', '涟漪']"
给朱利安,核心情感,"['迷茫追寻', '深陷眷恋']"
给朱利安,风格标签,"['第一人称叙事', '排比复沓', '意象隐喻']"
给朱利安,歌曲主题,['自我探寻']
艾怡良,演唱,给朱利安
Then You Come Along,包含意象,"['晒痕色盘', '盆栽']"
Then You Come Along,核心情感,"['沉溺自省', '矛盾救赎']"
Then You Come Along,风格标签,"['具象隐喻', '重复强调', '文学化用词']"
Then You Come Along,歌曲主题,['爱情']
艾怡良,演唱,Then You Come Along
小黄狗,包含意象,"['割伤', '秘密', '红木', '躺椅', '球']"
小黄狗,核心情感,"['坚韧守候', '悲壮陪伴']"
小黄狗,风格标签,"['拟人化象征', '内心独白']"
小黄狗,歌曲主题,['自我对话']
艾怡良,演唱,小黄狗
爱是这样,包含意象,"['阳光', '海洋']"
爱是这样,核心情感,"['温馨', '感恩', '坚定']"
爱是这样,风格标签,"['比喻手法', '直白叙事']"
爱是这样,歌曲主题,['爱情']
艾怡良,演唱,爱是这样
以灰之名,包含意象,"['车道', '西装', '烟火', '荒原']"
以灰之名,核心情感,"['压抑内省', '疏离自持']"
以灰之名,风格标签,"['排比复沓', '哲思意象']"
以灰之名,歌曲主题,['自我认同']
艾怡良,演唱,以灰之名
寂寞无害,包含意象,[]
寂寞无害,核心情感,"['释然', '自愈']"
寂寞无害,风格标签,"['排比递进', '内心独白']"
寂寞无害,歌曲主题,['爱情']
艾怡良,演唱,寂寞无害
怎么演怎么不像,包含意象,[]
怎么演怎么不像,核心情感,"['忏悔自省', '怀旧伤逝']"
怎么演怎么不像,风格标签,['叙事性自白']
怎么演怎么不像,歌曲主题,['爱情']
艾怡良,演唱,怎么演怎么不像
那时有你,包含意象,[]
那时有你,核心情感,"['怅惘', '沉溺']"
那时有你,风格标签,"['内心独白', '排比句式', '双语交织']"
那时有你,歌曲主题,['爱情']
艾怡良,演唱,那时有你
空头支票,包含意象,"['空头支票', '二手的脑袋', '三等车厢A32', '破旧庞克洋装', '星芒符号']"
空头支票,核心情感,"['愤世嫉俗', '颓唐自嘲']"
空头支票,风格标签,"['意象叙事', '隐喻密集', '冷峻白描', '直白批判']"
空头支票,歌曲主题,['社会反思']
艾怡良,演唱,空头支票
无数个我,包含意象,"['脸孔', '蛹', '沙漠', '深渊', '高楼']"
无数个我,核心情感,"['分裂挣扎', '倔强自省']"
无数个我,风格标签,"['内心戏剧', '新诗化歌词']"
无数个我,歌曲主题,['自我探索']
艾怡良,演唱,无数个我
如果你爱我,包含意象,[]
如果你爱我,核心情感,"['悲恸', '释然']"
如果你爱我,风格标签,"['中英交织', '直白抒情']"
如果你爱我,歌曲主题,['爱情']
艾怡良,演唱,如果你爱我
给她的话,包含意象,"['星辰', '珍珠']"
给她的话,核心情感,"['惘然', '释然', '哲思']"
给她的话,风格标签,"['隐喻象征', '内心独白']"
给她的话,歌曲主题,['人生感悟']
艾怡良,演唱,给她的话
我这个人,包含意象,['旅程']
我这个人,核心情感,"['矛盾自省', '孤独自持']"
我这个人,风格标签,['内心独白']
我这个人,歌曲主题,['自我反思']
艾怡良,演唱,我这个人
说,包含意象,"['飞蛾', '火炬']"
说,核心情感,"['坚定守护', '相互依存', '慰藉与安宁']"
说,风格标签,"['对照式表达', '倾诉体', '工整对仗']"
说,歌曲主题,['爱情']
艾怡良,演唱,说
灭了我,包含意象,['釉']
灭了我,核心情感,['求灭从容']
灭了我,风格标签,"['抽象思辨', '哲学化内省']"
灭了我,歌曲主题,['存在哲思']
艾怡良,演唱,灭了我
早晚,包含意象,[]
早晚,核心情感,"['怅然若失', '迟暮醒悟', '倦怠停滞']"
早晚,风格标签,"['内心独白', '氛围叙事', '现代诗化']"
早晚,歌曲主题,['情感关系']
艾怡良,演唱,早晚
如果从此,包含意象,['地铁']
如果从此,核心情感,"['隐忍', '矛盾']"
如果从此,风格标签,"['比喻', '内心独白']"
如果从此,歌曲主题,['爱情']
艾怡良,演唱,如果从此
祷文-OT：言不由衷,包含意象,['祷文']
祷文-OT：言不由衷,核心情感,"['悲悯', '释怀']"
祷文-OT：言不由衷,风格标签,"['祈祷体', '对立修辞']"
祷文-OT：言不由衷,歌曲主题,['爱情']
艾怡良,演唱,祷文-OT：言不由衷
我多想变成她,包含意象,[]
我多想变成她,核心情感,"['身份焦虑', '渴望认同']"
我多想变成她,风格标签,['文艺笔触']
我多想变成她,歌曲主题,['爱情']
艾怡良,演唱,我多想变成她
别等我回来,包含意象,[]
别等我回来,核心情感,"['决然告别', '释然嘱托']"
别等我回来,风格标签,"['诗意隐喻', '内心独白']"
别等我回来,歌曲主题,['离别']
Hello Nico,演唱,别等我回来
光尘,包含意象,"['钟声', '夏花', '星辰', '图腾', '裂痕', '花纹']"
光尘,核心情感,"['接纳性悲悯', '暗夜共生', '希望韧度']"
光尘,风格标签,"['哲思对仗', '意象层递']"
光尘,歌曲主题,['成长陪伴']
Hello Nico,演唱,光尘
荒芜,包含意象,"['荒芜', '家']"
荒芜,核心情感,"['幻灭感', '存在主义焦虑']"
荒芜,风格标签,"['重复性段落', '内心独白式', '情感直述']"
荒芜,歌曲主题,['存在']
Hello Nico,演唱,荒芜
接下来如何,包含意象,"['毛衣', '木偶', '灰尘', '雕刻']"
接下来如何,核心情感,"['自我厌弃', '矛盾疲惫']"
接下来如何,风格标签,"['内省独白', '比喻意象']"
接下来如何,歌曲主题,['自我剖析']
Hello Nico,演唱,接下来如何
规格化的城市、商品、人,包含意象,"['监狱', '方格']"
规格化的城市、商品、人,核心情感,"['异化感', '集体焦虑']"
规格化的城市、商品、人,风格标签,"['社会寓言', '排比递进']"
规格化的城市、商品、人,歌曲主题,['社会批判']
Hello Nico,演唱,规格化的城市、商品、人
用灵魂交换肌肤之上,包含意象,"['晨雾', '晨露', '荆棘', '灯', '轮廓', '黑白']"
用灵魂交换肌肤之上,核心情感,"['矛盾与撕扯', '自我探寻']"
用灵魂交换肌肤之上,风格标签,"['超现实意象', '存在主义哲思', '冷冽凝练']"
用灵魂交换肌肤之上,歌曲主题,['自我认知']
Hello Nico,演唱,用灵魂交换肌肤之上
陌生的房间陌生的下午,包含意象,"['房间', '下午', '海', '温度']"
陌生的房间陌生的下午,核心情感,"['疏离压抑', '冷峻决绝']"
陌生的房间陌生的下午,风格标签,"['意象叙事', '视角转换', '复沓决断']"
陌生的房间陌生的下午,歌曲主题,['感情决断']
Hello Nico,演唱,陌生的房间陌生的下午
布兰琪,包含意象,"['祭奠的花', '火光']"
布兰琪,核心情感,"['自我毁灭', '深陷绝境']"
布兰琪,风格标签,"['重复咏叹', '叙事性歌词']"
布兰琪,歌曲主题,['人性悲剧']
Hello Nico,演唱,布兰琪
花,包含意象,['衣裳']
花,核心情感,"['懊悔', '疏离感']"
花,风格标签,"['拟人', '内心独白']"
花,歌曲主题,['情感关系']
Hello Nico,演唱,花
哭泣的橄榄树,包含意象,"['伤口', '花香']"
哭泣的橄榄树,核心情感,"['隐忍承受', '悲悯抗争']"
哭泣的橄榄树,风格标签,"['象征主义', '意象对仗']"
哭泣的橄榄树,歌曲主题,['冲突']
Hello Nico,演唱,哭泣的橄榄树
底里歇斯,包含意象,[]
底里歇斯,核心情感,"['迷狂', '解放']"
底里歇斯,风格标签,"['文字游戏', '哲学思辨']"
底里歇斯,歌曲主题,['自我探索']
田馥甄,演唱,底里歇斯
无人知晓,包含意象,['小数点']
无人知晓,核心情感,"['隐忍自卑', '清醒沉沦']"
无人知晓,风格标签,"['比喻新奇', '内心独白']"
无人知晓,歌曲主题,['爱情']
田馥甄,演唱,无人知晓
渺小,包含意象,"['北极熊', '垃圾场', '蝴蝶知更', '黄土灰尘', '诗', '宇宙洪荒']"
渺小,核心情感,"['存在困惑', '谦卑内省']"
渺小,风格标签,"['对比排比', '哲理诗化']"
渺小,歌曲主题,['生命哲思']
田馥甄,演唱,渺小
离岛,包含意象,[]
离岛,核心情感,['自足疏离']
离岛,风格标签,"['隐喻贯穿', '第一人称叙述']"
离岛,歌曲主题,['自我认同']
田馥甄,演唱,离岛
爱着爱着就永远,包含意象,[]
爱着爱着就永远,核心情感,"['彷徨', '期冀', '脆弱感']"
爱着爱着就永远,风格标签,"['结构复沓', '设问推进']"
爱着爱着就永远,歌曲主题,['爱情']
田馥甄,演唱,爱着爱着就永远
日常,包含意象,"['雨', '花', '蝶', '天空', '蓝', '掌声']"
日常,核心情感,"['释然', '达观', '平和']"
日常,风格标签,"['生活化白描', '反复咏叹', '辩证思辨']"
日常,歌曲主题,['生活感悟']
田馥甄,演唱,日常
悬日,包含意象,"['黄昏', '战场', '市集', '手机', '太阳', '悬日']"
悬日,核心情感,"['强颜欢笑', '对峙无果', '挣扎释怀']"
悬日,风格标签,"['隐喻叙事', '对话体抒情']"
悬日,歌曲主题,['爱情']
田馥甄,演唱,悬日
人间烟火,包含意象,['烟火']
人间烟火,核心情感,"['丰盛感恩', '轻盈自足']"
人间烟火,风格标签,"['具象排比', '概念物化']"
人间烟火,歌曲主题,['生活感悟']
田馥甄,演唱,人间烟火
不醉不会,包含意象,"['放大镜', '紫薇', '朦胧诗']"
不醉不会,核心情感,"['超然物外', '玩世不恭']"
不醉不会,风格标签,"['矛盾修辞', '朦胧诗意']"
不醉不会,歌曲主题,['生活哲思']
田馥甄,演唱,不醉不会
念念有词,包含意象,"['金星', '火焰', '同温层', '凌空的闪电', '神秘的弧线', '魔戒', '喉结', '蝴蝶', '箴言']"
念念有词,核心情感,"['神秘主义之渴求', '不确定的期待']"
念念有词,风格标签,"['超现实意象拼贴', '咒语式重复']"
念念有词,歌曲主题,['爱情']
田馥甄,演唱,念念有词
To Hebe,包含意象,"['北极熊', '寒武纪', '王菲']"
To Hebe,核心情感,"['坚定劝诫', '深沉自省']"
To Hebe,风格标签,"['科学隐喻', '哲理叙事']"
To Hebe,歌曲主题,['人生哲思']
田馥甄,演唱,To Hebe
有理想,包含意象,[]
有理想,核心情感,"['自嘲', '倦怠的坚守']"
有理想,风格标签,"['生活流白描', '语言解构', '结构规整']"
有理想,歌曲主题,['理想']
李荣浩,演唱,有理想
不将就,包含意象,[]
不将就,核心情感,['执拗沉溺']
不将就,风格标签,"['对比修辞', '口语化叙事']"
不将就,歌曲主题,['爱情']
李荣浩,演唱,不将就
名字,包含意象,"['焰火', '蜡像', '大海', '满天星斗', '绰号', '刺', '玩偶']"
名字,核心情感,"['克制的哀伤', '怅然若失']"
名字,风格标签,"['意象比喻', '叙事抒情']"
名字,歌曲主题,['爱情']
李荣浩,演唱,名字
获奖人,包含意象,['道别晚餐']
获奖人,核心情感,"['苦涩', '自嘲']"
获奖人,风格标签,['隐喻作词']
获奖人,歌曲主题,['爱情']
李荣浩,演唱,获奖人
黑马,包含意象,"['缰绳', '鞭', '伯乐', '星河']"
黑马,核心情感,['孤傲坚守']
黑马,风格标签,['哲理性叙事']
黑马,歌曲主题,['励志']
李荣浩,演唱,黑马
戒烟,包含意象,['烟']
戒烟,核心情感,"['悔憾', '隐忍']"
戒烟,风格标签,"['口语叙事', '内心独白']"
戒烟,歌曲主题,['爱情']
李荣浩,演唱,戒烟
不搭,包含意象,['后几排']
不搭,核心情感,"['别扭', '疏离感']"
不搭,风格标签,"['生活化口语', '直白叙述']"
不搭,歌曲主题,['爱情']
李荣浩,演唱,不搭
对等关系,包含意象,[]
对等关系,核心情感,"['无奈自省', '理性决断']"
对等关系,风格标签,"['叙事性', '口语化', '内心独白']"
对等关系,歌曲主题,['爱情']
李荣浩,演唱,对等关系
纵横四海,包含意象,['狂蜂的浪蝶']
纵横四海,核心情感,"['疏离自省', '悲壮释然']"
纵横四海,风格标签,"['口语对仗', '哲学复沓']"
纵横四海,歌曲主题,['人生感慨']
李荣浩,演唱,纵横四海
喜剧之王,包含意象,"['猕猴桃', '港产片']"
喜剧之王,核心情感,"['悲怆自嘲', '疏离荒诞']"
喜剧之王,风格标签,"['意象跳跃', '戏剧化隐喻', '夸张自嘲']"
喜剧之王,歌曲主题,['人生讽喻']
李荣浩,演唱,喜剧之王
我们好好的,包含意象,"['衣角', '流星雨', '饭盒', '雨伞']"
我们好好的,核心情感,"['温情', '珍视']"
我们好好的,风格标签,"['生活白描', '呢喃絮语']"
我们好好的,歌曲主题,['爱情']
李荣浩,演唱,我们好好的
年少有为,包含意象,"['电视', '墙板', '粥', '婚礼', '头款', '金钱地位']"
年少有为,核心情感,"['悔憾交加', '自卑自疚']"
年少有为,风格标签,"['白描叙事', '直抒胸臆']"
年少有为,歌曲主题,['爱情']
李荣浩,演唱,年少有为
老友记,包含意象,"['旧朋友', '酒', '富贵', '死地']"
老友记,核心情感,"['幻灭疏离', '隐忍告别']"
老友记,风格标签,"['口语叙事', '对话独白', '今昔对比']"
老友记,歌曲主题,['友情']
李荣浩,演唱,老友记
如果我是海,包含意象,"['苹果树', '海龟', '珊瑚']"
如果我是海,核心情感,"['激昂悲悯', '坚定豁达']"
如果我是海,风格标签,"['超现实主义', '寓言体']"
如果我是海,歌曲主题,['人生感悟']
李荣浩,演唱,如果我是海
另一端,包含意象,['自行车链条']
另一端,核心情感,"['温情缅怀', '隐忍承继']"
另一端,风格标签,"['生活白描', '排比复沓']"
另一端,歌曲主题,['亲情']
李荣浩,演唱,另一端
麻雀,包含意象,"['翅膀', '雪山之巅', '乌云']"
麻雀,核心情感,"['牺牲奉献', '坚韧守望']"
麻雀,风格标签,['比喻象征']
麻雀,歌曲主题,['爱情']
李荣浩,演唱,麻雀
……催眠大师,包含意象,"['骨牌', '石榴', '火酒', '饕餮野兽', '中箭之鹿', '命运之轮']"
……催眠大师,核心情感,"['被操控感', '觉醒反抗']"
……催眠大师,风格标签,"['超现实主义', '戏剧对话体']"
……催眠大师,歌曲主题,['权力控制']
吴青峰,演唱,……催眠大师
太空人,包含意象,"['太空人', '星', '重听']"
太空人,核心情感,"['孤寂', '憾恨', '怀缅']"
太空人,风格标签,"['比喻作词', '结构复沓', '诗意叙事']"
太空人,歌曲主题,['爱情']
吴青峰,演唱,太空人
巴别塔庆典,包含意象,"['咖哩口味', '油', '面具']"
巴别塔庆典,核心情感,"['荒诞', '疏离', '讥诮']"
巴别塔庆典,风格标签,"['寓言化', '戏谑讽刺', '复沓结构']"
巴别塔庆典,歌曲主题,['社会寓言']
吴青峰,演唱,巴别塔庆典
……棕发少女,包含意象,"['鸢尾', '多头蛇', '五色笔', '刀刃', '禁果']"
……棕发少女,核心情感,"['苦修般的执着', '静谧的怅惘']"
……棕发少女,风格标签,"['意象并置', '用典隐喻', '咏叹调式重复']"
……棕发少女,歌曲主题,['艺术追求']
吴青峰,演唱,……棕发少女
男孩庄周,包含意象,"['水仙', '青苔', '蚊子', '高山', '浅井', '青蛙', '秋毫', '玄水', '七窍']"
男孩庄周,核心情感,"['超脱', '释然']"
男孩庄周,风格标签,"['庄子典故', '哲思玄想']"
男孩庄周,歌曲主题,['哲思觉醒']
吴青峰,演唱,男孩庄周
歌颂者,包含意象,"['清浅一条河', '林中回声', '静水流深']"
歌颂者,核心情感,"['慰藉共鸣', '自我确证']"
歌颂者,风格标签,"['第一人称叙事', '哲理对仗']"
歌颂者,歌曲主题,['人生感悟']
吴青峰,演唱,歌颂者
……小王子,包含意象,"['毛虫', '夜莺', '花丛', '沧海桑田']"
……小王子,核心情感,"['内省', '慰藉']"
……小王子,风格标签,['诗意寓言']
……小王子,歌曲主题,['自我探索']
吴青峰,演唱,……小王子
……醉鬼阿Q,包含意象,"['食莲族', '睡莲', '蘑菇', '小破杯', '豌豆', '驴耳朵', '酒鬼', '元宇宙', '精卫', '夸父', '大象', '邓林']"
……醉鬼阿Q,核心情感,['疏离自适']
……醉鬼阿Q,风格标签,['典故隐喻']
……醉鬼阿Q,歌曲主题,['社会反思']
吴青峰,演唱,……醉鬼阿Q
2017，你,包含意象,"['繁星', '光年', '爆炸', '宇宙']"
2017，你,核心情感,"['静观的慰藉', '浩瀚的归属']"
2017，你,风格标签,"['天文意象诗', '私密宇宙观']"
2017，你,歌曲主题,['情感颂歌']
郑宜农,演唱,2017，你
就算我放弃了世界,包含意象,[]
就算我放弃了世界,核心情感,"['依恋', '恳切', '真挚', '释然']"
就算我放弃了世界,风格标签,"['排比呼告', '白描直叙', '内心独白']"
就算我放弃了世界,歌曲主题,['情感关系']
郑宜农,演唱,就算我放弃了世界
如果你也想起来,包含意象,"['小阳台', '豆子', '杯子']"
如果你也想起来,核心情感,"['平和接纳', '深沉期许']"
如果你也想起来,风格标签,"['排比铺陈', '生活叙事', '平实自白']"
如果你也想起来,歌曲主题,['爱情']
郑宜农,演唱,如果你也想起来
591,包含意象,"['白窗帘', '猫', '窗台']"
591,核心情感,"['恬淡期许', '温暖相依']"
591,风格标签,"['生活叙事', '口语化对白', '具体物象罗列']"
591,歌曲主题,['爱情']
郑宜农,演唱,591
冬眠,包含意象,"['目光', '苗']"
冬眠,核心情感,"['惶惑不安', '脆弱渴求']"
冬眠,风格标签,"['隐喻叙事', '内心独白']"
冬眠,歌曲主题,['内心探索']
郑宜农 卢凯彤,演唱,冬眠
第一次遇见花香的那刻,包含意象,"['毛孔', '疙瘩', '一公分的距离']"
第一次遇见花香的那刻,核心情感,"['生命悸动', '存在觉醒']"
第一次遇见花香的那刻,风格标签,"['身体感官书写', '重复修辞', '情感递进']"
第一次遇见花香的那刻,歌曲主题,['成长感悟']
郑宜农,演唱,第一次遇见花香的那刻
金黄色的,包含意象,['棉絮']
金黄色的,核心情感,"['温柔治愈', '含蓄迷茫']"
金黄色的,风格标签,"['隐喻核心', '语言诗化']"
金黄色的,歌曲主题,['内心独白']
郑宜农,演唱,金黄色的
人如何学会语言,包含意象,"['乌暗', '无人之境', '龙骨', '鸟仔', '乞食声']"
人如何学会语言,核心情感,['疏离与渴望']
人如何学会语言,风格标签,"['方言抒情', '隐喻写作']"
人如何学会语言,歌曲主题,['人际沟通']
郑宜农,演唱,人如何学会语言
完整,包含意象,"['白发', '博物馆', '纪念品']"
完整,核心情感,"['沉郁的接纳', '冷冽的决绝']"
完整,风格标签,"['具象叙事', '内省独白', '个人编年史']"
完整,歌曲主题,['自我成长']
洪佩瑜,演唱,完整
不在一起就不会分开,包含意象,[]
不在一起就不会分开,核心情感,"['疏离无奈', '悲观逃避']"
不在一起就不会分开,风格标签,"['口语叙事', '比喻修辞']"
不在一起就不会分开,歌曲主题,['爱情']
洪佩瑜,演唱,不在一起就不会分开
污渍,包含意象,"['防水器皿', '血浆', '花香', '洁白的衣裳', '瘀伤', '污渍']"
污渍,核心情感,"['倔强自持', '冷峻温柔']"
污渍,风格标签,['隐喻诗化']
污渍,歌曲主题,['自我认同']
洪佩瑜,演唱,污渍
开,包含意象,"['石英沙漏', '夏宫长椅', '混沌营火', '耳语罂粟', '长针']"
开,核心情感,"['自我审视', '决绝坚韧']"
开,风格标签,"['意象堆叠', '抽象诗化', '仪式感']"
开,歌曲主题,['自我成长']
洪佩瑜,演唱,开
废到月亮,包含意象,"['雪碧', '哈根大', '沙发', '网飞', '梳子麦克风', '小丸子睡衣']"
废到月亮,核心情感,"['自适', '慵享']"
废到月亮,风格标签,['口语自嘲体']
废到月亮,歌曲主题,['日常闲适']
洪佩瑜,演唱,废到月亮
无惯例的早晨,包含意象,[]
无惯例的早晨,核心情感,"['自我坚定', '坦然自若']"
无惯例的早晨,风格标签,['对话体']
无惯例的早晨,歌曲主题,['生活态度']
洪佩瑜,演唱,无惯例的早晨
明室,包含意象,"['杂物', '垃圾', '金鱼', '疤痕', '钢琴']"
明室,核心情感,"['存在性自省', '坚韧接纳']"
明室,风格标签,"['具象-抽象对仗', '叙事性隐喻']"
明室,歌曲主题,['自我探索']
洪佩瑜,演唱,明室
一哄而散,包含意象,"['帐篷', '诗篇', '蝴蝶', '镜框', '节目单', '字条', '牌']"
一哄而散,核心情感,"['疏离恍惚', '存在性迷茫']"
一哄而散,风格标签,"['诗意比喻', '超现实意象']"
一哄而散,歌曲主题,['存在哲思']
洪佩瑜,演唱,一哄而散
她者,包含意象,"['防空洞', '摇篮曲', '发髻', '岛屿', '满月', '茧', '图鉴', '现金', '内八', '雕像', '衣服', '化妆间', '高塔']"
她者,核心情感,"['身份焦虑', '内省自持']"
她者,风格标签,"['隐喻写作', '叙事性结构', '双语穿插', '文化指涉']"
她者,歌曲主题,['性别议题']
洪佩瑜,演唱,她者
不占地方,包含意象,"['防护衣', '玻璃', '半平方米', '夜空', '星辰']"
不占地方,核心情感,"['私密炽烈', '执迷无悔']"
不占地方,风格标签,"['隐喻密集', '内心独白']"
不占地方,歌曲主题,['爱情']
洪佩瑜,演唱,不占地方
皇后大道东,包含意象,"['硬币', '皇宫', '烈士铜像', '电视萤幕', '马匹', '楼花', '单位', '旺角', '铁路', '城巴', '的士']"
皇后大道东,核心情感,"['反讽', '疏离']"
皇后大道东,风格标签,"['社会讽喻', '地域叙事', '复沓结构']"
皇后大道东,歌曲主题,['社会议题']
罗大佑,演唱,皇后大道东
乡愁四韵,包含意象,"['长江水', '海棠红', '雪花白', '腊梅香']"
乡愁四韵,核心情感,"['深沉眷恋', '隐痛追怀']"
乡愁四韵,风格标签,"['意象叠加', '复沓结构', '具象化抒情']"
乡愁四韵,歌曲主题,['思乡']
罗大佑,演唱,乡愁四韵
将进酒,包含意象,"['黄河', '竹板', '断了翅的诺言']"
将进酒,核心情感,"['沧桑慨叹', '追忆怅惘']"
将进酒,风格标签,"['古典意象融合', '铺陈咏叹']"
将进酒,歌曲主题,['人生感怀']
罗大佑,演唱,将进酒
请珍重,包含意象,"['烽火', '号角', '寰宇', '沧海', '青空', '满江红']"
请珍重,核心情感,"['沧桑慨叹', '乡愁缱绻', '悲壮前行']"
请珍重,风格标签,"['典雅书面语', '复沓结构', '用典/化用']"
请珍重,歌曲主题,['人生感悟']
罗大佑,演唱,请珍重
梦,包含意象,"['倦鸟', '浓妆', '身影']"
梦,核心情感,"['深挚眷恋', '命运徘徊']"
梦,风格标签,"['诗意意象', '拟人隐喻', '沉静抒情']"
梦,歌曲主题,['爱情']
罗大佑,演唱,梦
光阴的故事,包含意象,"['风车', '相片', '信', '圣诞卡']"
光阴的故事,核心情感,"['怀旧感伤', '惆怅回望']"
光阴的故事,风格标签,"['意象排比', '叙事民谣', '质朴白描']"
光阴的故事,歌曲主题,['时间']
罗大佑,演唱,光阴的故事
鹿港小镇,包含意象,"['妈祖庙', '香火', '小杂货店', '一十八', '长发', '霓虹灯', '渔村', '红砖', '水泥墙', '斑驳的木板', '香火']"
鹿港小镇,核心情感,"['失落怀旧', '文明反思']"
鹿港小镇,风格标签,"['叙事民谣', '社会批判']"
鹿港小镇,歌曲主题,['乡土怀旧']
罗大佑,演唱,鹿港小镇
亚细亚的孤儿,包含意象,"['污泥', '玩具']"
亚细亚的孤儿,核心情感,"['悲怆', '孤寂']"
亚细亚的孤儿,风格标签,"['象征主义', '社会寓言']"
亚细亚的孤儿,歌曲主题,['社会反思']
罗大佑,演唱,亚细亚的孤儿
天若有情,包含意象,"['落日', '唏嘘', '青春', '空间']"
天若有情,核心情感,"['伤逝怀旧', '悲怆']"
天若有情,风格标签,"['史诗感意象', '排比抒情']"
天若有情,歌曲主题,['怀旧']
罗大佑,演唱,天若有情
赤子,包含意象,['血脉']
赤子,核心情感,"['哀而不伤', '疏离的温情']"
赤子,风格标签,"['叠词运用', '对仗工整']"
赤子,歌曲主题,['人际哲思']
罗大佑,演唱,赤子
爱的箴言,包含意象,[]
爱的箴言,核心情感,"['无悔奉献', '庄严承受']"
爱的箴言,风格标签,"['排比宣言', '结构工整']"
爱的箴言,歌曲主题,['爱的思辨']
罗大佑,演唱,爱的箴言
现象七十二变,包含意象,"['黄花岗', '七十二变', '西门町天桥']"
现象七十二变,核心情感,"['冷峻观察', '社会批判']"
现象七十二变,风格标签,"['社会写实', '口语化叙事', '古今对照']"
现象七十二变,歌曲主题,['社会观察']
罗大佑,演唱,现象七十二变
黄色脸孔,包含意象,['黄色的脸']
黄色脸孔,核心情感,"['沧桑', '坚毅']"
黄色脸孔,风格标签,"['复沓排比', '民族吟唱']"
黄色脸孔,歌曲主题,['社会议题']
罗大佑,演唱,黄色脸孔
恋曲1990,包含意象,"['黑眼珠', '天涯路', '孤枕边', '雷雨声', '白云天']"
恋曲1990,核心情感,"['怀旧感伤', '沧桑眷恋']"
恋曲1990,风格标签,"['叠词修辞', '工整对仗']"
恋曲1990,歌曲主题,['爱情']
罗大佑,演唱,恋曲1990
似是故人来,包含意象,"['断肠字', '风雨', '明月']"
似是故人来,核心情感,"['怅惘', '宿命感', '古典哀愁']"
似是故人来,风格标签,"['对仗工整', '文白交织', '古典意境']"
似是故人来,歌曲主题,['爱情']
罗大佑,演唱,似是故人来
恋曲1980,包含意象,[]
恋曲1980,核心情感,"['幻灭与清醒', '决绝与释然']"
恋曲1980,风格标签,"['口语化思辨', '民谣叙事体']"
恋曲1980,歌曲主题,['爱情']
罗大佑,演唱,恋曲1980
往事2000,包含意象,"['骨头', '双唇']"
往事2000,核心情感,"['沧桑无奈', '执拗自嘲']"
往事2000,风格标签,"['中英杂糅', '矛盾修辞']"
往事2000,歌曲主题,['怀旧']
罗大佑,演唱,往事2000
之乎者也,包含意象,"['孔子', '寒山子', '齐人', '剪刀']"
之乎者也,核心情感,"['冷峻反思', '戏谑反讽']"
之乎者也,风格标签,"['文言戏仿', '语言实验', '社会批判']"
之乎者也,歌曲主题,['社会批判']
罗大佑,演唱,之乎者也
童年,包含意象,"['诸葛四郎和魔鬼党', '福利社', '稻田', '万花筒']"
童年,核心情感,"['怀旧', '怅惘', '期待']"
童年,风格标签,"['叙事白描', '口语化']"
童年,歌曲主题,['怀旧']
罗大佑,演唱,童年
美丽岛,包含意象,"['沧海遗珠', '断层', '阴阳脸', '壹零里']"
美丽岛,核心情感,"['苍凉', '漂泊']"
美丽岛,风格标签,['古典诗意']
美丽岛,歌曲主题,['乡愁']
罗大佑,演唱,美丽岛
东方之珠,包含意象,[]
东方之珠,核心情感,"['深情凝望', '时代抒怀', '庄严承诺']"
东方之珠,风格标签,"['诗化抒情', '宏大叙事']"
东方之珠,歌曲主题,['城市颂歌']
罗大佑,演唱,东方之珠
未来的主人翁,包含意象,"['水银灯', '红绿灯', '电脑儿童', '钥匙儿童', '红色的污泥']"
未来的主人翁,核心情感,"['批判性忧虑', '深沉期许']"
未来的主人翁,风格标签,"['排比呼告', '象征隐喻', '社会寓言']"
未来的主人翁,歌曲主题,['社会关切']
罗大佑,演唱,未来的主人翁
爱人同志,包含意象,"['口号', '血汗', '眼泪', '身躯', '脸']"
爱人同志,核心情感,"['悲壮', '迷失与坚定']"
爱人同志,风格标签,"['政论隐喻', '口号式呼告']"
爱人同志,歌曲主题,['爱情']
罗大佑,演唱,爱人同志
青春舞曲,包含意象,"['太阳', '花儿', '小鸟', '黄花岗']"
青春舞曲,核心情感,"['青春易逝', '历史之重']"
青春舞曲,风格标签,"['民谣复沓', '咏物喻理']"
青春舞曲,歌曲主题,['时间']
罗大佑,演唱,青春舞曲
有你听我的故事,包含意象,[]
有你听我的故事,核心情感,['宁静共鸣']
有你听我的故事,风格标签,['重复哲思']
有你听我的故事,歌曲主题,['交流']
林家谦,演唱,有你听我的故事
怪我只做好人,包含意象,"['塑胶的复制人', '赤子心', '存货']"
怪我只做好人,核心情感,"['道德焦虑', '内省挣扎']"
怪我只做好人,风格标签,"['内省独白', '思辨风格', '社会隐喻']"
怪我只做好人,歌曲主题,['内心冲突']
林家谦,演唱,怪我只做好人
万一你是个好人,包含意象,[]
万一你是个好人,核心情感,['谨慎疏离']
万一你是个好人,风格标签,['重复结构']
万一你是个好人,歌曲主题,['爱情']
林家谦,演唱,万一你是个好人
某种老朋友,包含意象,"['鲸鱼', '一叶舟', '枯叶']"
某种老朋友,核心情感,"['怀旧释然', '无奈接受', '淡然感伤']"
某种老朋友,风格标签,"['比喻象征', '哲理思辨', '含蓄凝练']"
某种老朋友,歌曲主题,['人际关系']
林家谦,演唱,某种老朋友
小林不动产,包含意象,"['魔药', '解药']"
小林不动产,核心情感,"['疏离淡泊', '恬然自适']"
小林不动产,风格标签,"['口语入词', '生活流白描']"
小林不动产,歌曲主题,['生活态度']
林家谦,演唱,小林不动产
狂迪,包含意象,"['小火锅', '星光', '月亮', '公园的落叶', '海洋', '天堂', '教堂']"
狂迪,核心情感,"['迷醉', '执着']"
狂迪,风格标签,"['口语化叙述', '中西混用']"
狂迪,歌曲主题,['爱情']
卢广仲,演唱,狂迪
励志论,包含意象,"['红地毡', '花衬衫', '狗吃屎']"
励志论,核心情感,"['苦中作乐', '反讽自嘲', '戏谑抗争']"
励志论,风格标签,"['口语叙事', '意象反讽', '重复强化']"
励志论,歌曲主题,['人生哲学']
卢广仲,演唱,励志论
雨时多云偶阵晴,包含意象,[]
雨时多云偶阵晴,核心情感,"['忧郁无奈', '隐忍陪伴']"
雨时多云偶阵晴,风格标签,"['气象隐喻', '内心独白']"
雨时多云偶阵晴,歌曲主题,['爱情']
卢广仲,演唱,雨时多云偶阵晴
我爱你,包含意象,"['太阳公公', '白卷']"
我爱你,核心情感,"['焦虑的执着', '笨拙的告白', '神经质的甜']"
我爱你,风格标签,"['口语重复', '生活化比喻', '口语化叙事']"
我爱你,歌曲主题,['爱情']
卢广仲,演唱,我爱你
都会爱情三角习题,包含意象,[]
都会爱情三角习题,核心情感,"['疏离矛盾', '理性挣扎']"
都会爱情三角习题,风格标签,"['抽象隐喻', '思辨叙事']"
都会爱情三角习题,歌曲主题,['爱情']
HUSH,演唱,都会爱情三角习题
流明,包含意象,[]
流明,核心情感,"['温柔挽留', '静谧守望']"
流明,风格标签,"['诗意意象', '通感手法']"
流明,歌曲主题,['内省']
HUSH,演唱,流明
永恒,包含意象,"['飞蛾', '蛇', '度量衡', '突触', '长河', '嘴唇']"
永恒,核心情感,"['困顿', '循环', '执迷', '空寂']"
永恒,风格标签,"['理科诗意', '神话隐喻', '结构复沓']"
永恒,歌曲主题,['爱情']
HUSH,演唱,永恒
娱乐自己,包含意象,"['除湿机', '遥控器', '窗户上雾气', '隧道', '早班飞机', '东京米兰纽约巴黎', '沙漠里的尖刺', '床']"
娱乐自己,核心情感,"['耽溺', '孤寂', '虚妄的沉溺']"
娱乐自己,风格标签,"['私密叙事', '感官意象', '都市孤独']"
娱乐自己,歌曲主题,['内心独白']
HUSH,演唱,娱乐自己
成人,包含意象,"['头发', '指甲']"
成人,核心情感,"['内在冲突', '自我允许']"
成人,风格标签,"['对立排比', '具象隐喻', '内省独白']"
成人,歌曲主题,['成长']
HUSH,演唱,成人
寄居蟹与蜗牛,包含意象,"['蜗牛', '寄居蟹', '高楼', '窗框', '枷锁', '壳', '海岸线', '沙']"
寄居蟹与蜗牛,核心情感,"['疏离负重', '漂泊释然']"
寄居蟹与蜗牛,风格标签,"['隐喻贯穿', '意象叙事']"
寄居蟹与蜗牛,歌曲主题,['人际寓言']
HUSH,演唱,寄居蟹与蜗牛
衣柜歌手,包含意象,"['衣裳', '安全网']"
衣柜歌手,核心情感,"['私密自省', '克制释然']"
衣柜歌手,风格标签,"['日常叙事', '内心独白']"
衣柜歌手,歌曲主题,['自我追寻']
HUSH,演唱,衣柜歌手
换句话说,包含意象,"['唇齿', '瞳孔', '烟火', '金口', '字典']"
换句话说,核心情感,"['疏离感', '虚无感', '辩证性']"
换句话说,风格标签,"['反讽', '思辨', '冷峻肌理']"
换句话说,歌曲主题,['语言哲学']
HUSH,演唱,换句话说
求生之年,包含意象,"['警报', '缘分', '誓言']"
求生之年,核心情感,['紧绷的认命']
求生之年,风格标签,"['矛盾修辞', '抽象具象化', '内心独白']"
求生之年,歌曲主题,['自我坚持']
HUSH,演唱,求生之年
天文特征,包含意象,['流星雨']
天文特征,核心情感,"['怅惘', '执念', '宿命感']"
天文特征,风格标签,"['复沓', '意象叙事', '克制的抒情']"
天文特征,歌曲主题,['爱情']
HUSH,演唱,天文特征
都是你害的,包含意象,"['眼镜', '铅笔']"
都是你害的,核心情感,"['单向沉溺', '自我消耗']"
都是你害的,风格标签,"['设问铺陈', '直白比喻']"
都是你害的,歌曲主题,['爱情']
HUSH,演唱,都是你害的
No More Monday Blues,包含意象,"['太阳蛋', '蛋炒饭']"
No More Monday Blues,核心情感,['欢欣']
No More Monday Blues,风格标签,"['口语叙事', '直接抒情', '副歌重复']"
No More Monday Blues,歌曲主题,['爱情']
马念先,演唱,No More Monday Blues
苹果人民共和国,包含意象,"['iPhone', 'MacBook Pro', '贾伯斯', 'app store', 'bit coin', 'TikTok', '东厂锦衣卫', 'iPad', 'iPod', '雷射枪', 'Facebook', '金字塔', '法老王', '秦始皇', '神坛', '麦金塔']"
苹果人民共和国,核心情感,"['狂热崇拜', '戏谑反讽', '技术自豪']"
苹果人民共和国,风格标签,"['品牌叙事', '科技隐喻', '戏仿政治']"
苹果人民共和国,歌曲主题,['科技文化']
马念先,演唱,苹果人民共和国
爱我请保持沉默,包含意象,[]
爱我请保持沉默,核心情感,"['隐忍的遗憾', '克制的疏离']"
爱我请保持沉默,风格标签,"['排比铺陈', '直白反复']"
爱我请保持沉默,歌曲主题,['爱情']
马念先,演唱,爱我请保持沉默
Mr. and Mrs. Hello,包含意象,"['电梯', '狗', '墨镜', '酒']"
Mr. and Mrs. Hello,核心情感,"['疏离感', '窥探欲']"
Mr. and Mrs. Hello,风格标签,"['第一人称叙事', '都市生活白描']"
Mr. and Mrs. Hello,歌曲主题,['都市生活']
马念先,演唱,Mr. and Mrs. Hello
1989的下午,包含意象,"['大垫肩的西装', '破牛仔裤', '长筒爱迪达', '胡渣', '漂浮冰咖啡', '黑板', '符咒', '蓝色啤酒海', '大白鲨', '布鲁克雪德丝', '鳕鱼香丝', '蓝色珊瑚礁']"
1989的下午,核心情感,"['怀旧', '慵懒', '梦幻']"
1989的下午,风格标签,"['具象叙事', '时代指涉']"
1989的下午,歌曲主题,['怀旧']
马念先,演唱,1989的下午
再见台北,包含意象,"['浊水溪', '便当', '咖啡']"
再见台北,核心情感,"['无奈告别', '苦涩怀旧']"
再见台北,风格标签,"['口语叙事', '地域写实']"
再见台北,歌曲主题,['城市告别']
马念先,演唱,再见台北
不是坏蛋,包含意象,"['散养的', '走地鸡', '蛋黄']"
不是坏蛋,核心情感,['戏谑自辩']
不是坏蛋,风格标签,"['口语重复', '具象比喻']"
不是坏蛋,歌曲主题,['自我认同']
陈珊妮,演唱,不是坏蛋
Shut Up!,包含意象,"['星星', '哥德', '洛可可']"
Shut Up!,核心情感,['倦怠淡漠']
Shut Up!,风格标签,['超现实讽喻']
Shut Up!,歌曲主题,['情感宣泄']
陈珊妮,演唱,Shut Up!
这也是没有办法的事,包含意象,"['辗转相除法', '最大公约数']"
这也是没有办法的事,核心情感,"['冷峻的批判', '无奈的接受', '理性的疏离']"
这也是没有办法的事,风格标签,"['数理意象', '重复强化', '社会讽喻']"
这也是没有办法的事,歌曲主题,['社会批判']
陈珊妮,演唱,这也是没有办法的事
你是我的酒,包含意象,"['酒', '眼神', '借口', '笑容']"
你是我的酒,核心情感,"['沉溺', '矛盾', '祈求']"
你是我的酒,风格标签,"['对话体', '隐喻贯穿', '强弱势交替']"
你是我的酒,歌曲主题,['爱情']
陈珊妮,演唱,你是我的酒
礼物,包含意象,"['寓言', '偏见', '超人', '装备']"
礼物,核心情感,"['感念怀旧', '偏执温情', '复杂感恩']"
礼物,风格标签,"['私人化叙事', '俏皮任性', '新词巧构']"
礼物,歌曲主题,['感恩']
陈珊妮,演唱,礼物
空废,包含意象,[]
空废,核心情感,"['虚无', '疏离']"
空废,风格标签,['抽象思辨']
空废,歌曲主题,['虚无']
陈珊妮,演唱,空废
如果有一件事是重要的,包含意象,[]
如果有一件事是重要的,核心情感,"['思辨', '内省']"
如果有一件事是重要的,风格标签,"['哲理思辨', '结构回环']"
如果有一件事是重要的,歌曲主题,['人生思考']
陈珊妮,演唱,如果有一件事是重要的
确幸,包含意象,"['窗帘', '翅膀', '窗', '床', '繁花']"
确幸,核心情感,"['冷峻自持', '矛盾交织']"
确幸,风格标签,"['冷冽意象', '反讽笔触', '互文指涉']"
确幸,歌曲主题,['爱情']
陈珊妮,演唱,确幸
完美,包含意象,[]
完美,核心情感,['自我质疑']
完美,风格标签,"['重复结构', '对话体']"
完美,歌曲主题,['爱情']
陈珊妮,演唱,完美
捆缚,包含意象,"['挽具', '玩具']"
捆缚,核心情感,"['疏离审视', '冷峻内省']"
捆缚,风格标签,"['哲学引用', 'BDSM意象', '结构回环']"
捆缚,歌曲主题,['心理探索']
陈珊妮,演唱,捆缚
两人关系,包含意象,['眼神']
两人关系,核心情感,"['亲密异化', '自省疏离']"
两人关系,风格标签,"['自白式剖析', '冷冽观察']"
两人关系,歌曲主题,['爱情']
陈珊妮,演唱,两人关系
三天两夜,包含意象,"['伤心酒店', '奇异恩典']"
三天两夜,核心情感,"['短暂沉溺', '永恒向往']"
三天两夜,风格标签,['诗意超现实']
三天两夜,歌曲主题,['爱情']
陈珊妮,演唱,三天两夜
Christine,包含意象,[]
Christine,核心情感,"['矛盾占有', '悲伤沉溺']"
Christine,风格标签,"['隐喻写作', '意象化表达']"
Christine,歌曲主题,['占有欲']
陈珊妮,演唱,Christine
等待,包含意象,[]
等待,核心情感,"['审慎', '隐忍']"
等待,风格标签,['极简笔触']
等待,歌曲主题,['爱情']
陈珊妮,演唱,等待
乘喷射机离去,包含意象,"['餐巾', '船只', '鼓锤', '蜻蜓', '邮票', '盖子', '睡袋', '书包', '诗集', '登山鞋', '望远镜', '潜水艇', '西瓜渍', '砲弹']"
乘喷射机离去,核心情感,"['疏离感', '存在困惑', '无望中有转变']"
乘喷射机离去,风格标签,"['超现实主义', '冷峻诗意', '实验性']"
乘喷射机离去,歌曲主题,['人际关系']
陈珊妮,演唱,乘喷射机离去
呕吐,包含意象,"['绿西装', '高丽菜叶', '白衬衫', '白米饭', '巧克力颜色的汤汤水水', '胃酸', '鸡蛋', '鼻涕', '眼泪', '点滴']"
呕吐,核心情感,"['生理厌恶', '情感反刍']"
呕吐,风格标签,"['超现实具象', '日常物隐喻']"
呕吐,歌曲主题,['失恋反应']
陈珊妮,演唱,呕吐
游戏,包含意象,"['蒲公英', '烟花', '静电', '雪原', '休息站', '火锅味']"
游戏,核心情感,"['眷恋珍惜', '细微怀念']"
游戏,风格标签,"['具象诗化', '絮语重复', '季节叙事']"
游戏,歌曲主题,['陪伴']
陈珊妮,演唱,游戏
找一双鞋,包含意象,"['直筒牛仔裤', '鞋']"
找一双鞋,核心情感,"['疏离', '无奈']"
找一双鞋,风格标签,"['口语叙事', '结构重复']"
找一双鞋,歌曲主题,['人际关系']
陈珊妮,演唱,找一双鞋
漫天纷飞的银杏森林,包含意象,"['月光银杏叶', '翅翼']"
漫天纷飞的银杏森林,核心情感,"['寂寥', '倦怠']"
漫天纷飞的银杏森林,风格标签,['诗意隐喻']
漫天纷飞的银杏森林,歌曲主题,['成长']
陈珊妮,演唱,漫天纷飞的银杏森林
他说,包含意象,[]
他说,核心情感,"['讽刺', '自嘲']"
他说,风格标签,"['重复结构', '口语化', '矛盾修辞']"
他说,歌曲主题,['自省']
陈珊妮,演唱,他说
少年,包含意象,"['模板', '拳头', '中指', '眼神']"
少年,核心情感,"['疏离的憧憬', '倨傲的困惑', '释然的锋芒']"
少年,风格标签,"['排比复沓', '悖论修辞', '身体意象的抽象化']"
少年,歌曲主题,['成长']
陈珊妮,演唱,少年
恶习,包含意象,['斗鱼']
恶习,核心情感,"['疏离', '自嘲']"
恶习,风格标签,"['生活白描', '口语叙事']"
恶习,歌曲主题,['爱情']
陈珊妮,演唱,恶习
6月29日,包含意象,"['越洋电话', '6月29日', '坏习惯', '逛街', '约会']"
6月29日,核心情感,"['克制疏离', '决绝成长', '平淡期许']"
6月29日,风格标签,"['极简叙事', '重复递进', '冷静独白']"
6月29日,歌曲主题,['情感割舍']
陈珊妮,演唱,6月29日
破碎的人,包含意象,"['百叶窗', '全家福', '龟裂的墙', '发票', '单人床', '复仇者', '黄色太阳', '小气窗', '暗巷']"
破碎的人,核心情感,"['阴郁', '创伤', '自我毁灭']"
破碎的人,风格标签,"['具象冷峻', '蒙太奇意象', '心理揭露']"
破碎的人,歌曲主题,['心理创伤']
陈珊妮,演唱,破碎的人
访客,包含意象,"['东窗', '地址', '访客']"
访客,核心情感,"['脆弱伪饰', '虚妄慰藉']"
访客,风格标签,"['冷冽叙事', '私密对话']"
访客,歌曲主题,['亲密关系']
陈珊妮,演唱,访客
痛瘾,包含意象,['盗版品']
痛瘾,核心情感,"['自我分裂', '矛盾自省', '挣扎无力']"
痛瘾,风格标签,"['内心独白', '比喻象征', '结构重复']"
痛瘾,歌曲主题,['自我矛盾']
陈珊妮,演唱,痛瘾
苹果花,包含意象,[]
苹果花,核心情感,"['迷恋', '虚幻感', '魅惑']"
苹果花,风格标签,"['复沓结构', '感官意象']"
苹果花,歌曲主题,['爱情']
陈珊妮,演唱,苹果花
他是末日预言中的宇宙碎片,包含意象,"['冰岛', '稀有气体', '小行星']"
他是末日预言中的宇宙碎片,核心情感,"['疏离感', '悬浮感']"
他是末日预言中的宇宙碎片,风格标签,"['超现实主义', '拼贴叙事']"
他是末日预言中的宇宙碎片,歌曲主题,['自我探寻']
陈珊妮,演唱,他是末日预言中的宇宙碎片
启示路,包含意象,[]
启示路,核心情感,"['内省沉思', '忧虑探寻']"
启示路,风格标签,"['对话体', '排比修辞']"
启示路,歌曲主题,['人生感悟']
陈珊妮,演唱,启示路
雨季,包含意象,"['伞', '客厅', '角落']"
雨季,核心情感,"['怅惘', '怀念']"
雨季,风格标签,"['抒情叙事', '意象白描']"
雨季,歌曲主题,['爱情']
陈珊妮,演唱,雨季
电车上的情侣,包含意象,['睫毛']
电车上的情侣,核心情感,"['疏离的温情', '克制的眷恋']"
电车上的情侣,风格标签,"['重复与变奏', '冷静叙事']"
电车上的情侣,歌曲主题,['爱情']
陈珊妮,演唱,电车上的情侣
穿你穿过的衣服,包含意象,[]
穿你穿过的衣服,核心情感,"['沉溺式感伤', '偏执性哀愁']"
穿你穿过的衣服,风格标签,"['物哀美学', '私密叙事', '极简主义']"
穿你穿过的衣服,歌曲主题,['爱情']
陈珊妮,演唱,穿你穿过的衣服
那日下午,包含意象,['废墟']
那日下午,核心情感,"['生命忧思', '沉郁眷恋']"
那日下午,风格标签,"['对话体', '极简主义', '重复修辞']"
那日下午,歌曲主题,['爱情']
陈珊妮,演唱,那日下午
静电,包含意象,['花火']
静电,核心情感,"['疏离的沉溺', '暧昧的疏离']"
静电,风格标签,"['当代意象', '含蓄内敛']"
静电,歌曲主题,['情感状态']
陈珊妮,演唱,静电
秘密,包含意象,[]
秘密,核心情感,"['焦虑压抑', '理性倦怠']"
秘密,风格标签,"['顶真修辞', '抽象思辨']"
秘密,歌曲主题,['心理主题']
陈珊妮,演唱,秘密
黄色女孩,包含意象,"['面包皮', '热狗', '芥末酱', '照片']"
黄色女孩,核心情感,['解构迷惘']
黄色女孩,风格标签,['意象解构']
黄色女孩,歌曲主题,['身份认同']
陈珊妮,演唱,黄色女孩
呻吟,包含意象,['内衣']
呻吟,核心情感,"['病态沉溺', '矛盾宣泄']"
呻吟,风格标签,"['疾病隐喻', '直白露骨']"
呻吟,歌曲主题,['情欲']
陈珊妮,演唱,呻吟
罪美,包含意象,"['裙摆', '镜头', '浮世绘', '假货', '重口味', '献祭']"
罪美,核心情感,"['反讽', '疏离', '冷冽']"
罪美,风格标签,"['句式复沓', '用词大胆', '知识分子视角']"
罪美,歌曲主题,['社会议题']
陈珊妮,演唱,罪美
贫血,包含意象,"['星星', '眼睛']"
贫血,核心情感,"['忧郁', '执迷']"
贫血,风格标签,"['循环结构', '白描手法']"
贫血,歌曲主题,['爱情']
陈珊妮,演唱,贫血
低调人生,包含意象,"['对号锁', '烟', '摇滚乐']"
低调人生,核心情感,"['疏离', '自省', '倦怠']"
低调人生,风格标签,"['冷叙述', '比喻修辞', '书面语体']"
低调人生,歌曲主题,['人生哲思']
陈珊妮,演唱,低调人生
一个人,包含意象,[]
一个人,核心情感,"['冷峻洞察', '倦怠疏离']"
一个人,风格标签,['议论式剖析']
一个人,歌曲主题,['内心独白']
陈珊妮,演唱,一个人
窗户上的猫咪很无聊,包含意象,"['猫咪', '窗户', '安眠药', '电视']"
窗户上的猫咪很无聊,核心情感,"['疏离', '戏谑']"
窗户上的猫咪很无聊,风格标签,"['口语叙事', '黑色幽默', '重复结构']"
窗户上的猫咪很无聊,歌曲主题,['日常观察']
陈珊妮,演唱,窗户上的猫咪很无聊
如同悲伤被下载了两次,包含意象,"['装帧', '白纸黑字', '三行诗', '灰尘', '云端', '宇宙']"
如同悲伤被下载了两次,核心情感,"['疏离', '反讽', '自省']"
如同悲伤被下载了两次,风格标签,"['数字意象', '文学指涉', '隐喻表达']"
如同悲伤被下载了两次,歌曲主题,['时代反思']
陈珊妮,演唱,如同悲伤被下载了两次
演歌,包含意象,['罪人的眼眶']
演歌,核心情感,"['哀婉', '自嘲']"
演歌,风格标签,"['叙事性', '戏剧化对仗']"
演歌,歌曲主题,['爱情']
陈珊妮,演唱,演歌
少女,包含意象,"['花', '盛夏', '香']"
少女,核心情感,"['自我厌弃', '迷失', '渴求认同']"
少女,风格标签,"['拼贴手法', '直接对话', '意象解构']"
少女,歌曲主题,['成长']
陈珊妮,演唱,少女
出轨,包含意象,['钢索']
出轨,核心情感,"['自省与矛盾', '冷漠疏离']"
出轨,风格标签,"['成语化用', '内心独白', '冷比喻']"
出轨,歌曲主题,['情感关系']
陈珊妮,演唱,出轨
幻觉,包含意象,"['烟味', '夜晚', '幻觉', '泪水']"
幻觉,核心情感,"['沉溺', '偏执']"
幻觉,风格标签,"['叠句强化', '内心独白式', '白描直叙']"
幻觉,歌曲主题,['爱情']
陈珊妮,演唱,幻觉
夜色,包含意象,['烛光']
夜色,核心情感,"['伪饰', '隐痛', '倦怠', '沉溺']"
夜色,风格标签,"['冷冽叙事', '场景切片', '口语化铺陈']"
夜色,歌曲主题,['爱情']
陈珊妮,演唱,夜色
不要不要,包含意象,[]
不要不要,核心情感,"['犹豫不决', '矛盾心理']"
不要不要,风格标签,"['抽象呢喃', '数学诗意', '极简对话体']"
不要不要,歌曲主题,['内心挣扎']
陈珊妮,演唱,不要不要
离别曲,包含意象,"['摇滚乐', '跳舞音乐', '粉红的花', '粉红的妆', '七月底的阳光', '吻痕', '清秀长发']"
离别曲,核心情感,"['青春逝惘', '戏谑反讽']"
离别曲,风格标签,"['具象白描', '古典与流行互文', '私语回忆录']"
离别曲,歌曲主题,['怀旧']
陈珊妮,演唱,离别曲
那不是我唯一能做的,包含意象,[]
那不是我唯一能做的,核心情感,['压抑讽刺']
那不是我唯一能做的,风格标签,['抽象反讽']
那不是我唯一能做的,歌曲主题,['社会批判']
陈珊妮,演唱,那不是我唯一能做的
载我回家,包含意象,"['车子', '位子', '城市', '手指', '音乐', '火']"
载我回家,核心情感,"['无奈隐忍', '疏离内省']"
载我回家,风格标签,"['叙事抒情', '简约意象', '心理白描']"
载我回家,歌曲主题,['内心独白']
陈珊妮,演唱,载我回家
爱人有问题,包含意象,['镜子']
爱人有问题,核心情感,"['疏离剖析', '爱之疑惧']"
爱人有问题,风格标签,"['诊断式罗列', '心理白描']"
爱人有问题,歌曲主题,['爱情']
陈珊妮,演唱,爱人有问题
战神卡尔迪亚,包含意象,"['石头', '裂缝', '烟火']"
战神卡尔迪亚,核心情感,"['焦灼矛盾', '沉郁抗争']"
战神卡尔迪亚,风格标签,"['冷峻抽象', '文学隐喻']"
战神卡尔迪亚,歌曲主题,['自我抗争']
陈珊妮,演唱,战神卡尔迪亚
No Fear In My Heart,包含意象,"['悬崖', '深渊', '泥土', '草原', '马', '海阔天空']"
No Fear In My Heart,核心情感,"['决绝', '涅槃', '释然']"
No Fear In My Heart,风格标签,"['意象对比', '自白体', '口语化呼告']"
No Fear In My Heart,歌曲主题,['自我突破']
朴树,演唱,No Fear In My Heart
火车开往冬天,包含意象,['镰刀']
火车开往冬天,核心情感,"['眷恋与疲惫', '孤寂的漂泊']"
火车开往冬天,风格标签,['叠词营造节奏']
火车开往冬天,歌曲主题,['离别远行']
朴树,演唱,火车开往冬天
生如夏花,包含意象,"['夏花', '火焰', '荆棘', '春光']"
生如夏花,核心情感,"['绚烂易逝', '生命礼赞']"
生如夏花,风格标签,"['比喻丰富', '排比复沓', '诗化语言']"
生如夏花,歌曲主题,['生命']
朴树,演唱,生如夏花
在木星,包含意象,"['白发', '明月', '沧浪之江', '船', '帆']"
在木星,核心情感,"['沧桑顿悟', '归乡渴盼']"
在木星,风格标签,"['新古典意象', '比喻造境']"
在木星,歌曲主题,['人生归宿']
朴树,演唱,在木星
在希望的田野上,包含意象,[]
在希望的田野上,核心情感,"['慰藉', '释然']"
在希望的田野上,风格标签,"['重复修辞', '口语化表达']"
在希望的田野上,歌曲主题,['希望']
朴树,演唱,在希望的田野上
且听风吟,包含意象,[]
且听风吟,核心情感,"['伤逝感怀', '迷惘苍凉']"
且听风吟,风格标签,['诗意隐喻']
且听风吟,歌曲主题,['时光感怀']
朴树,演唱,且听风吟
平凡之路,包含意象,"['山和大海', '人山人海', '野草野花']"
平凡之路,核心情感,"['沉静坦然', '清醒释怀', '接纳归一']"
平凡之路,风格标签,"['排比复沓', '宏大具象', '人生哲思', '质朴叙事']"
平凡之路,歌曲主题,['人生感悟']
朴树,演唱,平凡之路
旅途,包含意象,"['孩子', '气球', '花园', '山谷']"
旅途,核心情感,"['疏离感', '命运感', '追忆']"
旅途,风格标签,"['叙事性作词', '象征主义', '诗意抽象']"
旅途,歌曲主题,['人生']
朴树,演唱,旅途
new boy,包含意象,"['老怀表', '旧皮鞋', '未来牌香烟', '奔腾电脑', 'WINDOWS98', '18岁']"
new boy,核心情感,"['愉悦憧憬', '世纪之交期盼']"
new boy,风格标签,"['千禧年科技意象', '白话叙事', '未来主义展望']"
new boy,歌曲主题,['世纪欢歌']
朴树,演唱,new boy
猎户星座,包含意象,"['迷宫', '彩虹']"
猎户星座,核心情感,"['怅惘迷离', '超脱释然']"
猎户星座,风格标签,"['诗意隐喻', '哲思排比']"
猎户星座,歌曲主题,['人生']
朴树,演唱,猎户星座
白桦林,包含意象,"['白桦树', '鸽子']"
白桦林,核心情感,"['悲怆', '坚贞']"
白桦林,风格标签,"['叙事民谣', '意象复沓']"
白桦林,歌曲主题,['爱情']
朴树,演唱,白桦林
甚么事都叫我分心,包含意象,['pines']
甚么事都叫我分心,核心情感,"['迷茫困顿', '自省焦虑']"
甚么事都叫我分心,风格标签,"['内心独白', '双语交织', '复沓结构']"
甚么事都叫我分心,歌曲主题,['内心探索']
Tizzy Bac,演唱,甚么事都叫我分心
狂恋,包含意象,"['流星', '梦境', '焰火']"
狂恋,核心情感,"['执着', '献祭感', '炽热']"
狂恋,风格标签,"['传统抒情结构', '情感直抒', '第二人称叙事']"
狂恋,歌曲主题,['爱情']
Tizzy Bac,演唱,狂恋
田纳西恰恰,包含意象,"['Tennessee', '冬夜', '回音', '枷锁']"
田纳西恰恰,核心情感,"['困顿', '幻灭', '沉郁']"
田纳西恰恰,风格标签,['阴郁叙事']
田纳西恰恰,歌曲主题,['爱情']
Tizzy Bac,演唱,田纳西恰恰
马男之歌,包含意象,"['霓虹灯', '烟头', '长梦', '镜头']"
马男之歌,核心情感,"['无奈', '无力', '自我疏离']"
马男之歌,风格标签,"['叙事性', '具象隐喻', '内向独白']"
马男之歌,歌曲主题,['情感告别']
Tizzy Bac,演唱,马男之歌
如果看见地狱，我就不怕魔鬼,包含意象,"['魔鬼', '墙角', '恒星', '宇宙']"
如果看见地狱，我就不怕魔鬼,核心情感,"['存在性焦虑', '孤绝恐惧', '疏离性抑郁']"
如果看见地狱，我就不怕魔鬼,风格标签,"['内心独白', '隐喻书写', '戏剧化呼告']"
如果看见地狱，我就不怕魔鬼,歌曲主题,['内心探索']
Tizzy Bac,演唱,如果看见地狱，我就不怕魔鬼
周日午后的妇女时间,包含意象,"['英式烤牛肉', '鼠尾草盐', '草莓trifle', '巴拉松']"
周日午后的妇女时间,核心情感,"['尖刻讽喻', '苦涩自嘲']"
周日午后的妇女时间,风格标签,"['具象隐喻', '黑色幽默', '节目旁白体']"
周日午后的妇女时间,歌曲主题,['女性主题']
Tizzy Bac,演唱,周日午后的妇女时间
Human Error,包含意象,"['躯壳', '血色', '冬夜']"
Human Error,核心情感,"['宿命感', '灼痛', '存在之思']"
Human Error,风格标签,"['哲思意象化', '内心独白式', '结构推进与复调']"
Human Error,歌曲主题,['存在主义']
Tizzy Bac,演唱,Human Error
我不小心,包含意象,"['风花雪月', '负累']"
我不小心,核心情感,"['情感倦怠', '疏离决绝']"
我不小心,风格标签,"['直白剖析', '内心独白', '简洁有力']"
我不小心,歌曲主题,['爱情']
Tizzy Bac,演唱,我不小心
You'll See,包含意象,[]
You'll See,核心情感,"['隐忍悲悯', '内省伤感']"
You'll See,风格标签,"['双语交织', '内心独白']"
You'll See,歌曲主题,['情感关系']
Tizzy Bac,演唱,You'll See
朝我心脏开枪,包含意象,"['高墙', '恒星']"
朝我心脏开枪,核心情感,"['不屈', '自证']"
朝我心脏开枪,风格标签,"['结构复沓', '隐喻写作']"
朝我心脏开枪,歌曲主题,['抗争']
Tizzy Bac,演唱,朝我心脏开枪
铁之贝克,包含意象,"['驾驶座', '战斗机', '沙尘', '轰炸', '终战纪念']"
铁之贝克,核心情感,['悲壮自毁']
铁之贝克,风格标签,"['军事隐喻', '叙事性']"
铁之贝克,歌曲主题,['失去']
Tizzy Bac,演唱,铁之贝克
我又再度依恋上昨天,包含意象,"['地平线', '翅膀', '影子', '海洋', '陷阱', '堤防']"
我又再度依恋上昨天,核心情感,"['怀旧', '迷惘', '疲惫', '执拗']"
我又再度依恋上昨天,风格标签,"['诗意隐喻', '忧郁氛围', '结构回环']"
我又再度依恋上昨天,歌曲主题,['怀旧']
Tizzy Bac,演唱,我又再度依恋上昨天
最后告解,包含意象,"['绿茵', '摇滚乐', '天使', '天堂']"
最后告解,核心情感,"['沉痛忏悔', '迷失困顿']"
最后告解,风格标签,"['宗教隐喻', '内心独白']"
最后告解,歌曲主题,['内心世界']
Tizzy Bac,演唱,最后告解
说出我的名字,包含意象,"['繁花', '星火']"
说出我的名字,核心情感,"['沉郁悲怆', '献祭虚无']"
说出我的名字,风格标签,"['象征主义诗化', '呼告式恳求']"
说出我的名字,歌曲主题,['存在主义']
Tizzy Bac,演唱,说出我的名字
瞬间白眼一千遍,包含意象,"['白眼', '巧克力']"
瞬间白眼一千遍,核心情感,"['慰藉性劝勉', '无奈性积极']"
瞬间白眼一千遍,风格标签,['口语对话体']
瞬间白眼一千遍,歌曲主题,['友情鼓励']
Tizzy Bac,演唱,瞬间白眼一千遍
鞋猫夫人，Madame!!!,包含意象,[]
鞋猫夫人，Madame!!!,核心情感,"['昂扬', '慰藉']"
鞋猫夫人，Madame!!!,风格标签,"['角色独白式', '结构工整']"
鞋猫夫人，Madame!!!,歌曲主题,['情感支持']
Tizzy Bac,演唱,鞋猫夫人，Madame!!!
穿越光年的孤独,包含意象,"['时光列车', '银河', '光年']"
穿越光年的孤独,核心情感,['孤寂的守望']
穿越光年的孤独,风格标签,"['科幻抒情', '结构复沓', '空间诗学']"
穿越光年的孤独,歌曲主题,['爱情']
Tizzy Bac,演唱,穿越光年的孤独
平凡人的生活,包含意象,"['全联', '水果', '洗衣店', '洗衣机', '车阵', '红绿灯']"
平凡人的生活,核心情感,"['怀旧', '无奈', '努力']"
平凡人的生活,风格标签,"['重复咏叹', '生活叙事']"
平凡人的生活,歌曲主题,['人生感慨']
Tizzy Bac,演唱,平凡人的生活
这是因为我们能感到疼痛,包含意象,[]
这是因为我们能感到疼痛,核心情感,"['痛楚', '坚韧']"
这是因为我们能感到疼痛,风格标签,['哲理直白']
这是因为我们能感到疼痛,歌曲主题,['成长励志']
Tizzy Bac,演唱,这是因为我们能感到疼痛
过世的丈夫阴魂不散,包含意象,"['明月', '纸屑', '镜']"
过世的丈夫阴魂不散,核心情感,"['烦扰', '癔症倾向', '自我迷失']"
过世的丈夫阴魂不散,风格标签,"['超现实比喻', '冷调叙事', '戏剧呼告']"
过世的丈夫阴魂不散,歌曲主题,['生死关系']
Tizzy Bac,演唱,过世的丈夫阴魂不散
有人,包含意象,['舞']
有人,核心情感,"['怅然若失', '倦怠坚持']"
有人,风格标签,"['排比句式', '关键词重复']"
有人,歌曲主题,['人生感悟']
Tizzy Bac,演唱,有人
季后赛,包含意象,['球赛']
季后赛,核心情感,"['孤寂自省', '倔强无奈']"
季后赛,风格标签,"['隐喻写作', '内心独白']"
季后赛,歌曲主题,['人生感悟']
Tizzy Bac,演唱,季后赛
吹动生命的风,包含意象,"['双眼', '平行宇宙', '现实地狱的大门', '自我的幽灵', '无底深渊']"
吹动生命的风,核心情感,"['审视', '释然', '坚守']"
吹动生命的风,风格标签,"['意象交织（现实/超现实）', '私语性句式', '内省式独白']"
吹动生命的风,歌曲主题,['成长']
Tizzy Bac,演唱,吹动生命的风
金翅雀,包含意象,"['金色的翅膀', '荆棘的路']"
金翅雀,核心情感,"['受缚的挣扎', '凄凉的决绝']"
金翅雀,风格标签,"['诗化隐喻', '结构复沓', '存在主义思辨']"
金翅雀,歌曲主题,爱的羁绊
Tizzy Bac,演唱,金翅雀
铁之贝克2.0,包含意象,['潮水']
铁之贝克2.0,核心情感,"['孤勇的坚守', '悲壮的慰藉']"
铁之贝克2.0,风格标签,"['双语交织', '内心独白', '诗意比喻']"
铁之贝克2.0,歌曲主题,['自我抗争']
Tizzy Bac,演唱,铁之贝克2.0
失眠是一种病,包含意象,"['黑眼圈', '便利商店', '哀凤', 'candy crush', '动态', '电视', '小水怪', '烟', '猫', '智慧手机']"
失眠是一种病,核心情感,"['焦虑', '孤独', '无力感']"
失眠是一种病,风格标签,"['口语化叙事', '现代生活隐喻', '黑色幽默']"
失眠是一种病,歌曲主题,['都市病']
MC HotDog热狗,演唱,失眠是一种病
改变,包含意象,"['房价', '登机牌', '22K', '忠孝东路', '黑心的油']"
改变,核心情感,"['愤懑无奈', '抗争冲动']"
改变,风格标签,"['写实批判', '直白叙事']"
改变,歌曲主题,['社会反思']
MC HotDog热狗,演唱,改变
依然我行我素,包含意象,"['雪茄', '麦克风', '鲨鱼', '金州的咖哩']"
依然我行我素,核心情感,"['批判与讽刺', '自我坚持']"
依然我行我素,风格标签,"['嘻哈叙事', '直白批判', '自嘲反讽']"
依然我行我素,歌曲主题,['社会批判']
MC HotDog热狗,演唱,依然我行我素
哈狗帮,包含意象,"['麦克风', '十字架', '佛珠', '耶稣', '木乃伊']"
哈狗帮,核心情感,"['狂傲宣示', '虔诚信仰']"
哈狗帮,风格标签,"['俚俗直白', '戏谑隐喻']"
哈狗帮,歌曲主题,['身份宣言']
MC HotDog热狗,演唱,哈狗帮
MC来了,包含意象,"['保丽龙', '卢广仲', '吴淡如', '姜饼人', '蟾蜍']"
MC来了,核心情感,"['戏谑狂欢', '自嘲反讽']"
MC来了,风格标签,"['双关谐谑', '直白口语']"
MC来了,歌曲主题,['圣诞节']
MC HotDog热狗,演唱,MC来了
差不多先生,包含意象,"['狗屎', '乌龟', '麦克风']"
差不多先生,核心情感,"['自嘲', '颓唐', '批判']"
差不多先生,风格标签,"['词语重复', '写实批判', '华语说唱']"
差不多先生,歌曲主题,['社会批判']
MC HotDog热狗,演唱,差不多先生
我的第一首歌,包含意象,"['TOYOTA', '一手车', '啤酒', '病人房', '韵脚纪念堂']"
我的第一首歌,核心情感,"['自省', '自嘲', '笃定']"
我的第一首歌,风格标签,"['自传性叙事', '生活化口语', '戏谑自嘲', '文化拼贴']"
我的第一首歌,歌曲主题,['成长叙事']
MC HotDog热狗,演唱,我的第一首歌
Like Father Like Daughter,包含意象,"['哈利波特', 'Elsa', '企鹅', '冰雪奇缘']"
Like Father Like Daughter,核心情感,"['诙谐温情', '亲昵戏谑']"
Like Father Like Daughter,风格标签,"['粗口直白', '流行文化指涉', '口语叙事']"
Like Father Like Daughter,歌曲主题,['亲情']
MC HotDog热狗,演唱,Like Father Like Daughter
楼上的房东,包含意象,"['老旧的电梯', '母带']"
楼上的房东,核心情感,"['坚韧探索', '社会疏离']"
楼上的房东,风格标签,"['叙事说唱', '社会写实']"
楼上的房东,歌曲主题,['社会现实']
MC HotDog热狗,演唱,楼上的房东
九局下半,包含意象,"['帽子', '棒球场', '投手', 'strike out', '逆转', '球场', '球衣', '一垒', '二垒', '三垒', '本垒', '变化球', '计分板', '满垒', '球棒', '全垒打', '安打']"
九局下半,核心情感,"['彷徨迷茫', '焦虑挣扎', '自省反思', '逆境抗争']"
九局下半,风格标签,"['隐喻叙事', '直白口语', '概念寓言', '口号呼告']"
九局下半,歌曲主题,['青春成长']
MC HotDog热狗,演唱,九局下半
最后一支舞,包含意象,"['威士忌', '樟脑丸', '高粱酒', '啤酒', '卒']"
最后一支舞,核心情感,"['荒诞', '疏离', '颓丧', '决绝']"
最后一支舞,风格标签,"['直白叙事', '怪诞隐喻']"
最后一支舞,歌曲主题,['个人困境']
MC HotDog热狗,演唱,最后一支舞
我爱台妹,包含意象,"['槟榔', '钢管', '高跟鞋', '顺风妇产科', '奶罩']"
我爱台妹,核心情感,"['直白欲望', '本土张扬']"
我爱台妹,风格标签,"['直白口语', '嘻哈说唱']"
我爱台妹,歌曲主题,['爱情']
MC HotDog热狗,演唱,我爱台妹
十局上半,包含意象,[]
十局上半,核心情感,"['中年焦虑', '无奈坚持', '自嘲豁达']"
十局上半,风格标签,"['口语叙事', '隐喻写作']"
十局上半,歌曲主题,['人生感悟']
MC HotDog热狗,演唱,十局上半
国王的新歌,包含意象,['纸做的飞机']
国王的新歌,核心情感,['孤傲批判']
国王的新歌,风格标签,"['比喻驳杂', '用典犀利']"
国王的新歌,歌曲主题,['社会批判']
MC HotDog热狗,演唱,国王的新歌
轻熟女27,包含意象,"['马祖', '大头兵日记', '回纹针的色戒', '鸳鸯', '小偷']"
轻熟女27,核心情感,"['矛盾挣扎', '内疚自责']"
轻熟女27,风格标签,"['叙事说唱', '直白口语', '采样拼贴']"
轻熟女27,歌曲主题,['爱情']
MC HotDog热狗,演唱,轻熟女27
她的眼光,包含意象,"['背影', '猫', '隔离', '消毒水', '瓶中信', '手表', 'Disco']"
她的眼光,核心情感,"['离愁', '困顿', '自嘲', '矛盾']"
她的眼光,风格标签,"['叙事性', '口语化', '自传体']"
她的眼光,歌曲主题,['个人境遇']
MC HotDog热狗,演唱,她的眼光
贫民百万歌星,包含意象,"['烂车', '垃圾', '金汤匙', '扑克牌', '双子座']"
贫民百万歌星,核心情感,"['戏谑反叛', '玩世不恭', '底层自豪']"
贫民百万歌星,风格标签,"['写实叙事', '直抒胸臆', '社会反讽']"
贫民百万歌星,歌曲主题,['身份认同']
MC HotDog热狗,演唱,贫民百万歌星
他们根本不是Rapper,包含意象,"['林森北', '武则天', '库兹马', '周润发']"
他们根本不是Rapper,核心情感,"['轻蔑', '挑衅']"
他们根本不是Rapper,风格标签,"['直接骂战', '文化引用', '洗脑Hook']"
他们根本不是Rapper,歌曲主题,['行业批判']
MC HotDog热狗,演唱,他们根本不是Rapper
追梦绿,包含意象,"['Trap girl', '陈绮贞', '香槟', 'Onlyfans', '虚拟币', '豪宅', 'Uber']"
追梦绿,核心情感,"['迷离逃避', '清醒矛盾']"
追梦绿,风格标签,['市井写实']
追梦绿,歌曲主题,['社会观察']
MC HotDog热狗,演唱,追梦绿
再见Hip Hop,包含意象,"['不死鸟', '里程碑', '仓库', '潘多拉的盒子']"
再见Hip Hop,核心情感,"['决绝的告别', '坚韧的宣言']"
再见Hip Hop,风格标签,"['叙事性', '自我宣言', '经典隐喻']"
再见Hip Hop,歌曲主题,['生涯反思']
MC HotDog热狗,演唱,再见Hip Hop
约翰屈伏塔,包含意象,"['静香', '多啦A梦', 'Dear John', '槟榔', '威士忌', 'Buffet']"
约翰屈伏塔,核心情感,"['喧嚣的虚无', '戏谑的放纵']"
约翰屈伏塔,风格标签,"['口语叙事', '文化互文']"
约翰屈伏塔,歌曲主题,['享乐主义']
MC HotDog热狗,演唱,约翰屈伏塔
脏艺术家,包含意象,"['泥巴', '牛屎', '花', '佛珠', 'Face ID', '808', '笔', '厕纸']"
脏艺术家,核心情感,"['悲壮反抗', '孤傲坚守']"
脏艺术家,风格标签,"['写实主义', '自我指涉', '叙事说唱']"
脏艺术家,歌曲主题,['艺术家']
MC HotDog热狗,演唱,脏艺术家
怨偶,包含意象,"['蜘蛛网', '死蜻蜓', '网路', '4G', 'WIFI', '语音']"
怨偶,核心情感,"['爱恨交织', '困兽之斗']"
怨偶,风格标签,"['市井口语', '现代科技意象', '古今反差']"
怨偶,歌曲主题,['爱情']
MC HotDog热狗,演唱,怨偶
四百击,包含意象,"['浪花', '足迹', '岸', '海', '黑白']"
四百击,核心情感,"['沉郁', '疏离', '无力']"
四百击,风格标签,"['意象派', '凝练']"
四百击,歌曲主题,['内心独白']
猛虎巧克力,演唱,四百击
永恒的梦,包含意象,"['侯鸟', '稻禾']"
永恒的梦,核心情感,"['恬淡哀愁', '宿命喟叹']"
永恒的梦,风格标签,"['白描诗化', '排比复沓']"
永恒的梦,歌曲主题,['生命沉思']
猛虎巧克力,演唱,永恒的梦
夜工厂,包含意象,[]
夜工厂,核心情感,['矛盾慰藉']
夜工厂,风格标签,['诗意隐喻']
夜工厂,歌曲主题,['内心世界']
猛虎巧克力,演唱,夜工厂
不再是少年,包含意象,[]
不再是少年,核心情感,"['惘然', '坚韧', '倦怠的执着']"
不再是少年,风格标签,"['倾诉体', '隐喻修辞', '抒情诗化']"
不再是少年,歌曲主题,['成长']
猛虎巧克力,演唱,不再是少年
在一起,包含意象,"['啤酒', '人海']"
在一起,核心情感,"['相伴的接纳', '温暖的笃定']"
在一起,风格标签,"['口语叙事', '生活白描']"
在一起,歌曲主题,['爱情']
猛虎巧克力,演唱,在一起
太聪明,包含意象,[]
太聪明,核心情感,"['矛盾自省', '焦虑回避']"
太聪明,风格标签,"['内心独白', '直白叙事', '心理描摹']"
太聪明,歌曲主题,['爱情']
陈绮贞,演唱,太聪明
Peace and Revolution,包含意象,"['ID', 'DATE', 'Destiny', 'L-O-V-E', 'H O M E', 'A i d s']"
Peace and Revolution,核心情感,"['迷惘困顿', '渴望变革']"
Peace and Revolution,风格标签,"['词汇拆解', '重复递进', '双语交错']"
Peace and Revolution,歌曲主题,['自我觉醒']
陈绮贞,演唱,Peace and Revolution
时间的歌,包含意象,[]
时间的歌,核心情感,"['时间哲思', '慰藉向往']"
时间的歌,风格标签,"['隐喻写作', '诗化哲思']"
时间的歌,歌曲主题,['时间哲学']
陈绮贞,演唱,时间的歌
柏拉图式的爱情,包含意象,"['杯子', '咖啡']"
柏拉图式的爱情,核心情感,"['精神爱恋', '理想化执念', '疏离的向往']"
柏拉图式的爱情,风格标签,"['概念复沓', '短语重复', '短句留白', '概念驱动']"
柏拉图式的爱情,歌曲主题,['爱情']
陈绮贞,演唱,柏拉图式的爱情
1234567,包含意象,['电话']
1234567,核心情感,"['悸动', '果决']"
1234567,风格标签,"['数字叙事', '内心独白']"
1234567,歌曲主题,['爱情']
陈绮贞,演唱,1234567
Self,包含意象,[]
Self,核心情感,"['自我对抗', '存在焦虑']"
Self,风格标签,"['内省独白', '抽象思辨']"
Self,歌曲主题,['自我剖析']
陈绮贞,演唱,Self
倔强爱情的胜利,包含意象,[]
倔强爱情的胜利,核心情感,"['苦涩的洞悉', '矛盾的妥协', '受困的清醒']"
倔强爱情的胜利,风格标签,"['私语倾诉', '反诘设问', '冷冽的辩证']"
倔强爱情的胜利,歌曲主题,['爱情']
陈绮贞,演唱,倔强爱情的胜利
流浪者之歌,包含意象,"['记忆的包裹', '落叶', '狂风暴雨']"
流浪者之歌,核心情感,"['挣扎', '渴求']"
流浪者之歌,风格标签,['呼告式']
流浪者之歌,歌曲主题,['内心独白']
陈绮贞,演唱,流浪者之歌
一首歌，让你带回去,包含意象,[]
一首歌，让你带回去,核心情感,"['温情脉脉', '克制的给予']"
一首歌，让你带回去,风格标签,"['口语化复沓', '第二人称倾诉体', '去繁就简']"
一首歌，让你带回去,歌曲主题,['创作']
陈绮贞,演唱,一首歌，让你带回去
秋天蒙太奇,包含意象,"['鲸鱼', '新娘', '魔术师']"
秋天蒙太奇,核心情感,"['回望', '和解']"
秋天蒙太奇,风格标签,['叙事复沓']
秋天蒙太奇,歌曲主题,['情感追忆']
陈绮贞,演唱,秋天蒙太奇
普鲁斯特行动,包含意象,[]
普鲁斯特行动,核心情感,"['无力感', '困倦', '疏离']"
普鲁斯特行动,风格标签,"['复沓结构', '直白抒情']"
普鲁斯特行动,歌曲主题,['爱情']
陈绮贞,演唱,普鲁斯特行动
躺在你的衣柜,包含意象,"['毛衣', '衣柜', '冬天', '身体']"
躺在你的衣柜,核心情感,"['阴郁', '偏执', '物哀']"
躺在你的衣柜,风格标签,"['叙事性', '私密感', '超现实']"
躺在你的衣柜,歌曲主题,['爱情']
陈绮贞,演唱,躺在你的衣柜
涟漪,包含意象,"['湖泊', '漩涡']"
涟漪,核心情感,"['怅惘', '迷离']"
涟漪,风格标签,"['诗意隐喻', '结构复沓']"
涟漪,歌曲主题,['爱情']
陈绮贞,演唱,涟漪
表面的和平,包含意象,['星座']
表面的和平,核心情感,['隐忍自省']
表面的和平,风格标签,['内心独白']
表面的和平,歌曲主题,['情感关系']
陈绮贞,演唱,表面的和平
太阳,包含意象,[]
太阳,核心情感,['孤傲的渴求']
太阳,风格标签,['内心独白']
太阳,歌曲主题,['生命哲思']
陈绮贞,演唱,太阳
华丽的冒险,包含意象,[]
华丽的冒险,核心情感,"['眷恋', '挽留']"
华丽的冒险,风格标签,"['复沓咏叹', '隐喻性标题']"
华丽的冒险,歌曲主题,['爱情离别']
陈绮贞,演唱,华丽的冒险
烟火,包含意象,"['漩涡', '城市的顶峰', '青春剥落']"
烟火,核心情感,"['渴求的脆弱', '易逝的迷惘']"
烟火,风格标签,"['诗化独白', '重复结构']"
烟火,歌曲主题,['爱情']
陈绮贞,演唱,烟火
Sentimental Kills,包含意象,['shadow']
Sentimental Kills,核心情感,['忧郁迷惘']
Sentimental Kills,风格标签,"['梦呓独白', '意识流']"
Sentimental Kills,歌曲主题,['内心独白']
陈绮贞,演唱,Sentimental Kills
家,包含意象,[]
家,核心情感,"['感伤自省', '归属迷茫']"
家,风格标签,"['内心独白', '抒情重复']"
家,歌曲主题,['自我寻找']
陈绮贞,演唱,家
就算全世界与我为敌,包含意象,['潮汐']
就算全世界与我为敌,核心情感,"['决绝', '孤勇']"
就算全世界与我为敌,风格标签,"['直抒胸臆', '宣言式表达', '排比句式']"
就算全世界与我为敌,歌曲主题,['爱情']
陈绮贞,演唱,就算全世界与我为敌
沙漏,包含意象,"['沙子', '城堡', '浪花', '脚印']"
沙漏,核心情感,"['存在之思', '温柔诘问']"
沙漏,风格标签,"['咏物寓言', '意象复沓']"
沙漏,歌曲主题,['人生感悟']
陈绮贞,演唱,沙漏
最初的起点,包含意象,"['高跟鞋', '七矮人的童话', '南瓜马车', '城堡', '彩色亮白衣裳', '远足用的背包', '零食', '漫画']"
最初的起点,核心情感,"['怀旧憧憬', '温和笃定']"
最初的起点,风格标签,"['日常白描', '意象植入', '口语叙事']"
最初的起点,歌曲主题,['成长心态']
陈绮贞,演唱,最初的起点
太多,包含意象,['铁塔']
太多,核心情感,['矛盾沉溺']
太多,风格标签,"['排比复沓', '诗意隐喻', '内心独白式']"
太多,歌曲主题,['内心探索']
陈绮贞,演唱,太多
倒数,包含意象,"['火焰', '伤痕', '灯', '笔记本']"
倒数,核心情感,"['沉静反思', '温柔坚守']"
倒数,风格标签,"['重复咏叹', '意象对照', '诗化口语']"
倒数,歌曲主题,['时间与爱']
陈绮贞,演唱,倒数
雨水一盒,包含意象,"['点唱机', '铜币', '琴弦', '裂缝']"
雨水一盒,核心情感,"['存在焦虑', '孤绝感']"
雨水一盒,风格标签,"['文艺隐喻', '句式复沓']"
雨水一盒,歌曲主题,['爱情']
陈绮贞,演唱,雨水一盒
百分之八十完美的日子,包含意象,[]
百分之八十完美的日子,核心情感,['矛盾疲惫']
百分之八十完美的日子,风格标签,['内心独白']
百分之八十完美的日子,歌曲主题,['自我反思']
陈绮贞,演唱,百分之八十完美的日子
我的歌词,包含意象,"['橘子', '苹果的尸体', '苍蝇', '铝箔装', '鸽子', '河川', '沙滩', '海洋', '黄昏']"
我的歌词,核心情感,"['批判嘲讽', '疏离无奈']"
我的歌词,风格标签,"['超现实主义', '直白犀利']"
我的歌词,歌曲主题,['人际隔阂']
何欣穗,演唱,我的歌词
根本,包含意象,"['莫札特', 'doctor']"
根本,核心情感,"['矛盾', '依赖']"
根本,风格标签,"['口语独白', '中英夹杂', '矛盾修辞']"
根本,歌曲主题,['爱情']
何欣穗,演唱,根本
现在怎么办？,包含意象,"['烟', '饼干', '广播']"
现在怎么办？,核心情感,"['茫然无措', '焦灼烦闷']"
现在怎么办？,风格标签,"['句式重复', '口语化叙事']"
现在怎么办？,歌曲主题,['爱情']
何欣穗,演唱,现在怎么办？
黄色太空衣,包含意象,"['黄色太空衣', '双层巴士', '黄色tooth brush', '红色鞋子', '蓝色裙子', '绿色球鞋']"
黄色太空衣,核心情感,"['认同困惑', '往事纠缠', '宿命感知', '未来焦虑']"
黄色太空衣,风格标签,"['中英杂糅', '叙事性', '自白式']"
黄色太空衣,歌曲主题,['身份探寻']
何欣穗,演唱,黄色太空衣
于是,包含意象,"['烟', '猫', '口罩', '肺', '锁链']"
于是,核心情感,"['疏离审视', '冷寂自持']"
于是,风格标签,"['场景叙事', '冷感笔触', '结构复沓']"
于是,歌曲主题,['情感自省']
何欣穗,演唱,于是
讽刺,包含意象,['枪']
讽刺,核心情感,"['荒诞的自省', '矛盾的共情']"
讽刺,风格标签,"['中英夹杂', '口语化独白', '辩证式叙事']"
讽刺,歌曲主题,['关系探讨']
何欣穗,演唱,讽刺
Famous,包含意象,[]
Famous,核心情感,['批判讽刺']
Famous,风格标签,"['口语直叙', '中英夹杂']"
Famous,歌曲主题,['社会评论']
何欣穗,演唱,Famous
暗流,包含意象,[]
暗流,核心情感,"['沉郁', '倦怠感', '怀旧']"
暗流,风格标签,"['方言创作', '叙事民谣']"
暗流,歌曲主题,['成长感悟']
拍谢少年,演唱,暗流
世界第一戆,包含意象,['哭枵']
世界第一戆,核心情感,"['憨直自省', '真挚羁绊']"
世界第一戆,风格标签,"['方言口语', '复沓吟咏']"
世界第一戆,歌曲主题,['兄弟情谊']
拍谢少年,演唱,世界第一戆
兄弟没梦不应该,包含意象,[]
兄弟没梦不应该,核心情感,"['隐忍坚持', '无奈前行']"
兄弟没梦不应该,风格标签,"['方言创作', '白描直叙', '对话体']"
兄弟没梦不应该,歌曲主题,['人生坚持']
拍谢少年,演唱,兄弟没梦不应该
抵达之谜,包含意象,"['蝴蝶', '桅杆', '洪水']"
抵达之谜,核心情感,"['迷惘', '释然']"
抵达之谜,风格标签,"['诗意表达', '超现实意象', '抒情叙事']"
抵达之谜,歌曲主题,['人生旅程']
郑兴,演唱,抵达之谜
城南,包含意象,"['城南桥', '吹糖', '遗像', '枝桠']"
城南,核心情感,"['怀旧', '怅惘']"
城南,风格标签,"['意象重复', '叙事性', '抒情']"
城南,歌曲主题,['怀旧']
郑兴,演唱,城南
现象学,包含意象,"['世纪婚礼', '环岛旅行', '蒙太奇', '进行曲', '非卖品', '主旋律', '圆周率', '交叉剪辑']"
现象学,核心情感,"['疏离的省思', '审慎的笃信', '沉静的释然']"
现象学,风格标签,"['哲思性', '影像化写作', '内省派']"
现象学,歌曲主题,['存在哲思']
郑兴,演唱,现象学
告别的练习,包含意象,"['房间', '山', '月亮', '星星', '列车', '信']"
告别的练习,核心情感,"['隐忍的憧憬', '努力的坚定']"
告别的练习,风格标签,"['排比铺陈', '场景叙事', '重复强化']"
告别的练习,歌曲主题,['告别']
郑兴,演唱,告别的练习
日落玄武湖,包含意象,"['超载的电梯', '一卡车的难题', '湖面的夕阳', '饮歌', '最晚的一班列车', '玫瑰的花瓣']"
日落玄武湖,核心情感,"['悲怆的接纳', '疲惫的释然']"
日落玄武湖,风格标签,"['生活流叙事', '意象白描', '循环结构']"
日落玄武湖,歌曲主题,['自我和解']
郑兴,演唱,日落玄武湖
爱人,包含意象,"['船帆', '渔获', '离人酒杯', '海浪', '嫁衣', '海峡']"
爱人,核心情感,['隐忍的怅惘']
爱人,风格标签,"['叙事民谣', '诗意比喻']"
爱人,歌曲主题,['爱情']
郑兴,演唱,爱人
茧,包含意象,['翅叶']
茧,核心情感,"['挣扎', '自省', '蜕变']"
茧,风格标签,"['象征主义', '诗意隐喻']"
茧,歌曲主题,['成长']
苏打绿,演唱,茧
痛快的哀艳,包含意象,"['星群', '细菌', '白鸽', '黑色尘埃', '绿树', '血红阴霾']"
痛快的哀艳,核心情感,"['宿命感', '荒诞感', '痛彻感']"
痛快的哀艳,风格标签,"['结构重复', '意象对立', '隐喻写作']"
痛快的哀艳,歌曲主题,['社会寓言']
苏打绿,演唱,痛快的哀艳
融雪之前,包含意象,[]
融雪之前,核心情感,['澄澈释然']
融雪之前,风格标签,['简约对仗']
融雪之前,歌曲主题,['内心成长']
苏打绿,演唱,融雪之前
近未来,包含意象,"['旧照片', '暴风烟', '无花果树', '浮士德', '裂缝']"
近未来,核心情感,"['理性沉郁', '豁达接纳']"
近未来,风格标签,"['哲学思辨', '结构规整']"
近未来,歌曲主题,['生命哲思']
苏打绿,演唱,近未来
你在烦恼什么,包含意象,[]
你在烦恼什么,核心情感,['超然豁达']
你在烦恼什么,风格标签,"['排比复沓', '否定修辞']"
你在烦恼什么,歌曲主题,['生命感悟']
苏打绿,演唱,你在烦恼什么
牵阮的手,包含意象,[]
牵阮的手,核心情感,"['忠贞', '偕老']"
牵阮的手,风格标签,['方言词作']
牵阮的手,歌曲主题,['爱情']
苏打绿,演唱,牵阮的手
他夏了夏天,包含意象,"['闹钟', '齿轮', '彩虹', '星空', '便当']"
他夏了夏天,核心情感,"['恬淡自足', '温暖坚韧']"
他夏了夏天,风格标签,"['辩证对比', '意象化比喻', '平民叙事']"
他夏了夏天,歌曲主题,['日常生活']
苏打绿,演唱,他夏了夏天
拾穗,包含意象,"['豹纹牛角', '稻浪', '麦秆', '火炬', '牛眠双眼']"
拾穗,核心情感,"['虔敬感恩', '宁静豁达']"
拾穗,风格标签,"['神话意象', '颂歌体']"
拾穗,歌曲主题,['劳动赞歌']
苏打绿,演唱,拾穗
未了,包含意象,"['薛西佛斯', '巨石', '众神', '日光', '子夜', '肝']"
未了,核心情感,"['坚韧不屈', '反抗宿命', '存在主义觉醒']"
未了,风格标签,"['神话哲学意象', '结构主义变奏']"
未了,歌曲主题,['命运人生']
苏打绿,演唱,未了
说了再见以后,包含意象,"['杨花', '枯柳', '蜂', '秋千', '泪滴', '倒影', '乱红']"
说了再见以后,核心情感,"['怅惘若失', '沉郁悲怆', '孤寂无援']"
说了再见以后,风格标签,"['古典意象化用', '工整对仗', '比喻拟人']"
说了再见以后,歌曲主题,['爱情']
苏打绿,演唱,说了再见以后
煽动,包含意象,"['魔鬼', '契约', '肺叶']"
煽动,核心情感,"['幻灭与救赎', '存在主义困境']"
煽动,风格标签,"['叙事性', '戏剧化转折', '神学思辨意象']"
煽动,歌曲主题,['人性寓言']
苏打绿,演唱,煽动
十年一刻,包含意象,"['皮黄', '百花', '生旦净末丑', '跑龙套', '珍珠', '梆子', '断肠人在水一方']"
十年一刻,核心情感,"['坚韧', '执着', '奉献']"
十年一刻,风格标签,"['国风融汇', '意象叙事', '励志宣言']"
十年一刻,歌曲主题,['追梦']
苏打绿,演唱,十年一刻
再遇见,包含意象,"['屋檐', '房间', '吉他', '茧', '伤口', '青丝', '雪']"
再遇见,核心情感,"['释然超脱', '冷静回望']"
再遇见,风格标签,"['比喻丰富', '叙事性', '文学化表达', '排比复沓']"
再遇见,歌曲主题,['爱情']
苏打绿,演唱,再遇见
飞鱼,包含意象,"['老船', '汪洋', '天国', '花朵', '耳膜', '彩虹', '乌云的舌头', '耳朵']"
飞鱼,核心情感,"['倦怠', '诘问', '释然']"
飞鱼,风格标签,"['拟人修辞', '超现实意象', '排比诘问', '诗意跳跃']"
飞鱼,歌曲主题,['人生感悟']
苏打绿,演唱,飞鱼
下雨的夜晚,包含意象,"['落叶', '月光']"
下雨的夜晚,核心情感,"['哀而不伤', '温柔守护']"
下雨的夜晚,风格标签,"['比喻丰富', '细腻叙事', '劝慰口吻']"
下雨的夜晚,歌曲主题,['疗愈']
苏打绿,演唱,下雨的夜晚
无眠,包含意象,"['花园', '鱼']"
无眠,核心情感,"['执拗守候', '无望期盼']"
无眠,风格标签,"['超现实意象', '隐喻象征']"
无眠,歌曲主题,['爱情']
苏打绿,演唱,无眠
小情歌,包含意象,[]
小情歌,核心情感,"['坚定守护', '绵长思念']"
小情歌,风格标签,"['文学用典', '诗意意象']"
小情歌,歌曲主题,['爱情']
苏打绿,演唱,小情歌
游乐,包含意象,"['云霄飞车', '铁轨', '猫咪', '火箭']"
游乐,核心情感,"['宣泄', '解脱', '酣畅']"
游乐,风格标签,"['句式复沓', '排比铺陈', '直白呼告']"
游乐,歌曲主题,['人生态度']
苏打绿,演唱,游乐
蝉想,包含意象,"['蝉榻', '地心磁场', '白鸽', '泥沼', '鱼', '夏蝉', '蝴蝶夫人']"
蝉想,核心情感,"['自省式颓废', '矛盾决绝']"
蝉想,风格标签,"['文学隐喻', '超现实意境']"
蝉想,歌曲主题,['人性挣扎']
苏打绿,演唱,蝉想
包围,包含意象,"['咖啡店', '箭', '靶']"
包围,核心情感,['悲壮决绝']
包围,风格标签,"['对抗性修辞', '用典象征']"
包围,歌曲主题,['信念坚守']
苏打绿,演唱,包围
我好想你,包含意象,['白发']
我好想你,核心情感,"['隐忍', '沉郁']"
我好想你,风格标签,['排比铺陈']
我好想你,歌曲主题,['爱情']
苏打绿,演唱,我好想你
白日出没的月球,包含意象,"['月球', '太阳', '宇宙', '地球']"
白日出没的月球,核心情感,"['疏离', '桀骜', '自珍']"
白日出没的月球,风格标签,"['排比宣言', '隐喻象征', '对抗性独白']"
白日出没的月球,歌曲主题,['自我坚持']
苏打绿,演唱,白日出没的月球
当我们一起走过,包含意象,"['旷野', '漂流']"
当我们一起走过,核心情感,"['释然', '慰藉']"
当我们一起走过,风格标签,"['文学笔触', '矛盾修辞']"
当我们一起走过,歌曲主题,['陪伴']
苏打绿,演唱,当我们一起走过
故事,包含意象,"['梧桐', '黄雨烟', '归雁', '艳阳天', '一叶舟', '一蓑烟', '江水', '几茎头发', '天地一蜉蝣', '月积水', '东篱下', '缤纷落英']"
故事,核心情感,"['超脱', '淡泊', '追寻', '幻灭']"
故事,风格标签,"['古典意象', '对仗工整', '化用典故', '意境营造']"
故事,歌曲主题,['人生']
苏打绿,演唱,故事
对杀人狂指控,包含意象,"['尼采', '大鱼', '阿修罗', '荒冢', '血蛭']"
对杀人狂指控,核心情感,"['阴郁批判', '冷峻审视']"
对杀人狂指控,风格标签,"['哲学思辨', '抽象隐喻', '结构复沓']"
对杀人狂指控,歌曲主题,['社会议题']
苏打绿,演唱,对杀人狂指控
从一片落叶开始,包含意象,"['落叶', '神仙', '火焰', '金壶', '野兽']"
从一片落叶开始,核心情感,"['超然', '反讽', '困惑']"
从一片落叶开始,风格标签,"['奇幻寓言', '超现实主义']"
从一片落叶开始,歌曲主题,['生命哲思']
苏打绿,演唱,从一片落叶开始
不万能的喜剧,包含意象,"['傻鸟', '小丑']"
不万能的喜剧,核心情感,"['反讽', '疏离']"
不万能的喜剧,风格标签,"['寓言式', '对话体', '极简主义']"
不万能的喜剧,歌曲主题,['角色独白']
万能青年旅店,演唱,不万能的喜剧
杀死那个石家庄人,包含意象,"['药厂的衣裳', '假钞', '假枪', '大厦', '华北平原', '河北师大附中', '乒乓少年', '脱缰的马']"
杀死那个石家庄人,核心情感,"['压抑', '荒诞', '绝望']"
杀死那个石家庄人,风格标签,"['叙事民谣', '社会寓言']"
杀死那个石家庄人,歌曲主题,['社会现实']
万能青年旅店,演唱,杀死那个石家庄人
河北墨麒麟,包含意象,"['轻身术', '心电图']"
河北墨麒麟,核心情感,['沉郁孤决']
河北墨麒麟,风格标签,"['仪式化重复', '超现实意象']"
河北墨麒麟,歌曲主题,['现代寓言']
万能青年旅店,演唱,河北墨麒麟
秦皇岛,包含意象,"['海怪', '深海的光', '停滞的海浪', '海峡']"
秦皇岛,核心情感,"['沉郁迷茫', '悲壮决绝']"
秦皇岛,风格标签,"['象征主义', '复沓铺陈']"
秦皇岛,歌曲主题,['精神困境']
万能青年旅店,演唱,秦皇岛
十万嬉皮,包含意象,"['董二千先生', '望远镜', '浓烟', '狗', '汽油']"
十万嬉皮,核心情感,"['颓唐', '幻灭', '自嘲']"
十万嬉皮,风格标签,"['文白夹杂', '反讽', '人物速写']"
十万嬉皮,歌曲主题,['青年困境']
万能青年旅店,演唱,十万嬉皮
泥河,包含意象,"['水鸟', '风帆', '太行', '河床', '露珠', '泥沙', '水库', '水坝', '泥河', '人造湖泊']"
泥河,核心情感,"['沉郁忧思', '蓄势待发']"
泥河,风格标签,"['描绘性', '工业意象', '复沓节奏']"
泥河,歌曲主题,['社会议题']
万能青年旅店,演唱,泥河
在这颗行星所有的酒馆,包含意象,"['猛虎', '酒馆', '坦克', '灯火']"
在这颗行星所有的酒馆,核心情感,"['惶惑', '疏离']"
在这颗行星所有的酒馆,风格标签,"['超现实意象', '社会隐喻', '凝练批判']"
在这颗行星所有的酒馆,歌曲主题,['社会批判']
万能青年旅店,演唱,在这颗行星所有的酒馆
揪心的玩笑和漫长的白日梦,包含意象,"['利刃', '山川湖海', '云端', '鸟群']"
揪心的玩笑和漫长的白日梦,核心情感,"['迷惘', '挣扎']"
揪心的玩笑和漫长的白日梦,风格标签,"['诗化象征', '哲学思辨']"
揪心的玩笑和漫长的白日梦,歌曲主题,['人生哲思']
万能青年旅店,演唱,揪心的玩笑和漫长的白日梦
郊眠寺,包含意象,"['电子荒原', '电缆', '月光熔铁星', '渤海地产', '太行水泥', '阶级电梯', '循环追捕令', '西郊有密林']"
郊眠寺,核心情感,"['荒诞焦虑', '冷峻疏离']"
郊眠寺,风格标签,"['工业意象拼贴', '社会寓言诗']"
郊眠寺,歌曲主题,['社会批判']
万能青年旅店,演唱,郊眠寺
无状态,包含意象,"['电影', '彩排', '客串', '眼泪']"
无状态,核心情感,"['疏离淡漠', '冷峻自持']"
无状态,风格标签,"['矛盾修辞', '极简主义']"
无状态,歌曲主题,['自我探寻']
张悬,演唱,无状态
信任的样子,包含意象,[]
信任的样子,核心情感,"['疏离的审视', '矛盾的坦然']"
信任的样子,风格标签,"['诗意抽象', '矛盾修辞']"
信任的样子,歌曲主题,['哲理思辨']
张悬,演唱,信任的样子
Live酒馆300秒,包含意象,"['酒馆', '成品']"
Live酒馆300秒,核心情感,"['矛盾释然', '自嘲轻松']"
Live酒馆300秒,风格标签,"['复沓对仗', '口语独白']"
Live酒馆300秒,歌曲主题,['自我表达']
张悬,演唱,Live酒馆300秒
日子,包含意象,"['神', '歌']"
日子,核心情感,"['沉郁顿悟', '温柔坚定']"
日子,风格标签,"['思辨哲思', '诗意抽象']"
日子,歌曲主题,['存在哲思']
张悬,演唱,日子
宝贝,包含意象,[]
宝贝,核心情感,"['温柔期许', '恬淡守护']"
宝贝,风格标签,"['摇篮曲式', '口语化重复']"
宝贝,歌曲主题,['情感表达']
张悬,演唱,宝贝
模样,包含意象,[]
模样,核心情感,"['疏离', '渴求', '笃定']"
模样,风格标签,"['意象并置', '对话体', '白描']"
模样,歌曲主题,['人际关系']
张悬,演唱,模样
疯狂的阳光,包含意象,"['上帝', '阳光', '花', '雨', '刀']"
疯狂的阳光,核心情感,"['癫狂', '创痛']"
疯狂的阳光,风格标签,['迷幻絮语']
疯狂的阳光,歌曲主题,['哲思']
张悬,演唱,疯狂的阳光
讨人厌的字,包含意象,['五花八门宿命也缤纷的事']
讨人厌的字,核心情感,"['疏离', '偏执']"
讨人厌的字,风格标签,"['重复结构', '内心独白']"
讨人厌的字,歌曲主题,['自我表达']
张悬,演唱,讨人厌的字
就在,包含意象,['刺']
就在,核心情感,"['疏离批判', '冷峻质疑']"
就在,风格标签,"['叙事性铺陈', '抽象与具象的辩证']"
就在,歌曲主题,['社会观察']
张悬,演唱,就在
蓝天白云,包含意象,[]
蓝天白云,核心情感,"['迷惘追忆', '克制感伤']"
蓝天白云,风格标签,"['重复咏叹', '口语叙事', '氛围渲染']"
蓝天白云,歌曲主题,['内省感悟']
张悬,演唱,蓝天白云
亲爱的,包含意象,[]
亲爱的,核心情感,"['温柔劝慰', '豁达释然']"
亲爱的,风格标签,['人生箴言']
亲爱的,歌曲主题,['人生感悟']
张悬,演唱,亲爱的
毕竟,包含意象,"['两巴掌', '良性循环']"
毕竟,核心情感,"['疏离审视', '冷峻自省']"
毕竟,风格标签,"['排比递进', '冷峻口语']"
毕竟,歌曲主题,['人际关系']
张悬,演唱,毕竟
Stay-牡蛎之歌,包含意象,"['飞鱼', '鸟']"
Stay-牡蛎之歌,核心情感,"['沉静的激越', '隐忍的期许']"
Stay-牡蛎之歌,风格标签,"['象征主义', '诗意复沓']"
Stay-牡蛎之歌,歌曲主题,['心灵独白']
张悬,演唱,Stay-牡蛎之歌
Beautiful Woman,包含意象,[]
Beautiful Woman,核心情感,"['欣快愉悦', '自我颂扬', '轻盈自在']"
Beautiful Woman,风格标签,"['口语化独白', '结构复沓', '直接呼告']"
Beautiful Woman,歌曲主题,['自我肯定']
张悬,演唱,Beautiful Woman
喜欢,包含意象,['片段']
喜欢,核心情感,"['释然', '恬淡的眷恋']"
喜欢,风格标签,"['意象化表达', '内省独白', '反复咏叹']"
喜欢,歌曲主题,['情感寄托']
张悬,演唱,喜欢
嫁祸进行式,包含意象,[]
嫁祸进行式,核心情感,"['焦虑', '疏离', '反讽']"
嫁祸进行式,风格标签,"['对话体', '重复强调', '内心独白']"
嫁祸进行式,歌曲主题,['人际批判']
张悬,演唱,嫁祸进行式
Selling,包含意象,[]
Selling,核心情感,"['倦怠感', '反讽性']"
Selling,风格标签,"['口语化', '重复结构', '矛盾修辞']"
Selling,歌曲主题,['社会议题']
张悬,演唱,Selling
巷口,包含意象,"['单车', '酒', '城市']"
巷口,核心情感,"['省思', '静默']"
巷口,风格标签,"['重复铺陈', '口语独白']"
巷口,歌曲主题,['生活感悟']
张悬,演唱,巷口
城市,包含意象,"['蝉', '狗', '蛾', '街灯', '流行歌', 'TV show']"
城市,核心情感,"['疏离的温情', '自持的沉静']"
城市,风格标签,"['意象并置', '口语化哲思']"
城市,歌曲主题,['都市生活']
张悬,演唱,城市
儿歌,包含意象,"['气球', '小猫', '狗狗']"
儿歌,核心情感,['豁达坦然']
儿歌,风格标签,"['口语化', '反复']"
儿歌,歌曲主题,['生活']
张悬,演唱,儿歌
"Love,New Year",包含意象,"['时间的长廊', '角落里的故事', '山河', '理想国']"
"Love,New Year",核心情感,"['怅然若失', '静谧向往']"
"Love,New Year",风格标签,"['意象化写作', '念白式重复']"
"Love,New Year",歌曲主题,['时光感怀']
张悬,演唱,"Love,New Year"
My life will,包含意象,[]
My life will,核心情感,"['忧郁沉思', '坚韧豁达']"
My life will,风格标签,"['中英双语创作', '哲学思辨', '重复递进']"
My life will,歌曲主题,['生命哲思']
张悬,演唱,My life will
岛屿云烟,包含意象,['菌种']
岛屿云烟,核心情感,"['疏离凝视', '恒常感怀']"
岛屿云烟,风格标签,"['超现实隐喻', '哲思小品']"
岛屿云烟,歌曲主题,['存在沉思']
张悬,演唱,岛屿云烟
关于我爱你,包含意象,[]
关于我爱你,核心情感,"['清醒的悲凉', '承担的勇气']"
关于我爱你,风格标签,"['哲理思辨', '矛盾修辞']"
关于我爱你,歌曲主题,['存在与爱']
张悬,演唱,关于我爱你
欲望把眼前的地板铺满,包含意象,[]
欲望把眼前的地板铺满,核心情感,"['疏离审视', '克制表达']"
欲望把眼前的地板铺满,风格标签,"['抽象思辨', '重复结构']"
欲望把眼前的地板铺满,歌曲主题,['欲望反思']
张悬,演唱,欲望把眼前的地板铺满
两者,包含意象,"['云朵', '闪电天空', '口红', '苹果', '玩偶', '包裹']"
两者,核心情感,"['矛盾纠葛', '自省沉郁']"
两者,风格标签,"['对立结构', '超现实意象', '第三人称叙事']"
两者,歌曲主题,['爱情']
张悬,演唱,两者
危险的，是,包含意象,"['遗言', '烟', '暴力', '悲剧']"
危险的，是,核心情感,"['危机潜伏', '压抑尖锐', '疏离异化']"
危险的，是,风格标签,"['意象拼贴', '直白自白', '哲理思辨']"
危险的，是,歌曲主题,['社会观察']
张悬,演唱,危险的，是
ICY是淑女,包含意象,"['溪', '信', '戏']"
ICY是淑女,核心情感,"['温和反叛', '亲昵接纳']"
ICY是淑女,风格标签,"['假设性自喻', '口语化表达', '结构工整']"
ICY是淑女,歌曲主题,['亲情']
曹方,演唱,ICY是淑女
秋凉,包含意象,"['绿茶', '烟']"
秋凉,核心情感,"['怅惘', '慰藉']"
秋凉,风格标签,"['意象铺陈', '自语式']"
秋凉,歌曲主题,['内心独白']
曹方,演唱,秋凉
孤单的独白,包含意象,"['新百褶裙', '折了翅/天使', '洋娃娃的泪', '蝴蝶花儿']"
孤单的独白,核心情感,"['内省孤寂', '哀而不伤']"
孤单的独白,风格标签,"['意象叙事', '内心独白']"
孤单的独白,歌曲主题,['内心独白']
曹方,演唱,孤单的独白
遇见我,包含意象,"['领地', '慢车', '枫叶']"
遇见我,核心情感,['内省坚韧']
遇见我,风格标签,"['民谣叙事', '意象拼贴']"
遇见我,歌曲主题,['内心世界']
曹方,演唱,遇见我
在夏天,包含意象,['秋千']
在夏天,核心情感,"['恬淡眷恋', '欲言又止']"
在夏天,风格标签,"['场景白描', '民谣叙事']"
在夏天,歌曲主题,['夏日怀想']
曹方,演唱,在夏天
我内心的风景,包含意象,['银河']
我内心的风景,核心情感,"['孤寂', '眷念']"
我内心的风景,风格标签,"['内心独白', '象征主义']"
我内心的风景,歌曲主题,['思念']
陈惠婷,演唱,我内心的风景
时间的孤岛,包含意象,"['孤岛', '锚', '渠道', '海']"
时间的孤岛,核心情感,"['孤绝', '滞重', '哀怅', '无力']"
时间的孤岛,风格标签,"['比喻意象', '诗意叙事', '含蓄抒情']"
时间的孤岛,歌曲主题,['爱情']
陈惠婷,演唱,时间的孤岛
金色的河流,包含意象,['砂砾']
金色的河流,核心情感,"['坚定的陪伴', '温暖的信念']"
金色的河流,风格标签,"['比喻贯穿', '平实叙述', '咏叹复调']"
金色的河流,歌曲主题,['爱情']
陈惠婷,演唱,金色的河流
极光,包含意象,"['绝对零度', '北极风雪', '极光']"
极光,核心情感,"['孤寂炽热', '献祭美学']"
极光,风格标签,"['呼唤式语法', '意象并置', '场景构建']"
极光,歌曲主题,['爱情']
陈惠婷,演唱,极光
云端恋人,包含意象,"['荒烟', '废墟', '百年孤寂', 'lullaby']"
云端恋人,核心情感,"['孤寂疏离', '颓废荒芜']"
云端恋人,风格标签,"['现代诗化', '语言混搭']"
云端恋人,歌曲主题,['爱情']
陈惠婷,演唱,云端恋人
外婆桥,包含意象,"['书法', '黄泥', '庭院']"
外婆桥,核心情感,"['怀旧', '恬静', '孺慕']"
外婆桥,风格标签,"['童谣复沓', '白描叙事', '乡土意象']"
外婆桥,歌曲主题,['亲情']
安溥,演唱,外婆桥
不识相,包含意象,[]
不识相,核心情感,"['自我矛盾', '无奈']"
不识相,风格标签,"['内心独白', '自我对话']"
不识相,歌曲主题,['内心世界']
安溥,演唱,不识相
女仞之诗,包含意象,"['三十二街', '魔']"
女仞之诗,核心情感,"['沉郁挣扎', '迷茫自省']"
女仞之诗,风格标签,"['诗意意象', '沉静内省']"
女仞之诗,歌曲主题,['内心探索']
安溥,演唱,女仞之诗
说说罢了,包含意象,[]
说说罢了,核心情感,"['疏离自省', '无奈自嘲']"
说说罢了,风格标签,"['口语独白', '内心戏', '自剖式']"
说说罢了,歌曲主题,['自我剖析']
安溥,演唱,说说罢了
ZOEA,包含意象,"['山', '海', '碎片', '月光', '象', '蟹', '坟场', '锣鼓', '葬']"
ZOEA,核心情感,"['哲思审视', '超然洞见']"
ZOEA,风格标签,"['隐喻诗化', '哲学思辨']"
ZOEA,歌曲主题,['生命哲思']
安溥,演唱,ZOEA
没有寄的信,包含意象,"['11月21', '2:07', '球鞋', '收音机', '冰淇淋', '信']"
没有寄的信,核心情感,"['内省自嘲', '静默疏离']"
没有寄的信,风格标签,"['生活叙事', '细节白描']"
没有寄的信,歌曲主题,['爱情']
安溥,演唱,没有寄的信
芽,包含意象,['山']
芽,核心情感,"['虚无', '自毁', '惆怅']"
芽,风格标签,"['凝练抽象', '冷峻自省']"
芽,歌曲主题,['自我挣扎']
草东没有派对,演唱,芽
艾玛,包含意象,[]
艾玛,核心情感,"['反讽', '虚无']"
艾玛,风格标签,"['重复结构', '直白批判']"
艾玛,歌曲主题,['社会批判']
草东没有派对,演唱,艾玛
缸,包含意象,"['染缸', '烂帐', '最便宜的酒', '大海']"
缸,核心情感,"['幻灭自嘲', '困顿迷茫']"
缸,风格标签,"['口语化叙述', '隐喻象征', '社会讽喻']"
缸,歌曲主题,['社会批判']
草东没有派对,演唱,缸
大风吹,包含意象,[]
大风吹,核心情感,"['愤世嫉俗', '无力嘲讽']"
大吹风,风格标签,"['重复修辞', '口语批判']"
大风吹,歌曲主题,['社会批判']
草东没有派对,演唱,大风吹
情歌,包含意象,['故乡']
情歌,核心情感,"['决绝的幻灭', '存在的困顿']"
情歌,风格标签,['冷峻的重复']
情歌,歌曲主题,['存在困境']
草东没有派对,演唱,情歌
空,包含意象,['一格半']
空,核心情感,"['虚无主义', '存在性焦虑']"
空,风格标签,"['重复结构', '悖论修辞', '直接陈述']"
空,歌曲主题,['存在困惑']
草东没有派对,演唱,空
山海,包含意象,"['山里', '大海']"
山海,核心情感,"['幻灭感', '疏离感']"
山海,风格标签,"['颓废美学', '现实主义']"
山海,歌曲主题,['成长']
草东没有派对,演唱,山海
烂泥,包含意象,[]
烂泥,核心情感,"['幻灭感', '愤世嫉俗']"
烂泥,风格标签,"['颓废美学', '反讽抒情', '社会批判']"
烂泥,歌曲主题,['社会批判']
草东没有派对,演唱,烂泥
勇敢的人,包含意象,"['空瓶', '肝', '肺', '手枪']"
勇敢的人,核心情感,"['愤懑悲怆', '虚无失能']"
勇敢的人,风格标签,"['重复与反讽', '口语化指令']"
勇敢的人,歌曲主题,['社会批判']
草东没有派对,演唱,勇敢的人
老张,包含意象,"['泥巴', '柏油路']"
老张,核心情感,"['挫败', '自嘲']"
老张,风格标签,"['重复修辞', '口语表达']"
老张,歌曲主题,['自我反思']
草东没有派对,演唱,老张
丑,包含意象,[]
丑,核心情感,"['自我厌弃', '退缩回避']"
丑,风格标签,"['直白口语', '循环递进']"
丑,歌曲主题,['自我审视']
草东没有派对,演唱,丑
床,包含意象,"['路灯', '太阳', '心脏']"
床,核心情感,"['矛盾防御', '悲观沉溺']"
床,风格标签,"['重复结构', '心理独白']"
床,歌曲主题,['心理探索']
草东没有派对,演唱,床
等,包含意象,"['车', '抛锚']"
等,核心情感,"['虚无感', '倦怠']"
等,风格标签,"['极简主义', '重复叙事', '双语交错']"
等,歌曲主题,['等待']
草东没有派对,演唱,等
在,包含意象,"['花海', '路灯']"
在,核心情感,"['顽抗的颓丧', '倦怠的期许']"
在,风格标签,"['直白宣泄', '重复结构']"
在,歌曲主题,['爱情']
草东没有派对,演唱,在
鬼,包含意象,[]
鬼,核心情感,"['自毁倾向', '虚无感']"
鬼,风格标签,"['直白叙事', '黑暗美学', '复沓结构']"
鬼,歌曲主题,['内心冲突']
草东没有派对,演唱,鬼
外面的妞,包含意象,"['房顶', '星球', '北斗', '地球']"
外面的妞,核心情感,"['突围渴望', '炽烈向往']"
外面的妞,风格标签,"['直白呼唤', '天文隐喻']"
外面的妞,歌曲主题,['爱情']
崔健,演唱,外面的妞
爱情量子定律,包含意象,[]
爱情量子定律,核心情感,"['纠缠感', '超越守望']"
爱情量子定律,风格标签,"['科学隐喻', '结构回环', '哲理思辨']"
爱情量子定律,歌曲主题,['爱情']
崔健,演唱,爱情量子定律
光冻,包含意象,"['冰', '凝固的汗水']"
光冻,核心情感,"['困顿', '渴求']"
光冻,风格标签,"['复沓结构', '象征主义', '摇滚诗学']"
光冻,歌曲主题,['精神困境']
崔健,演唱,光冻
酷瓜树,包含意象,"['黄金般的泥土', '千年的树皮']"
酷瓜树,核心情感,"['冷峻的颓废', '压抑的躁动']"
酷瓜树,风格标签,"['寓言式写作', '排比递进']"
酷瓜树,歌曲主题,['个人心境']
崔健,演唱,酷瓜树
金色早晨,包含意象,[]
金色早晨,核心情感,['沉郁的张力']
金色早晨,风格标签,"['象征主义', '诗化表达']"
金色早晨,歌曲主题,['情感关系']
崔健,演唱,金色早晨
阳光下的梦,包含意象,"['坑', '狗', '肉']"
阳光下的梦,核心情感,"['矛盾疏离', '直白宣泄']"
阳光下的梦,风格标签,"['身体叙事', '复沓咏叹']"
阳光下的梦,歌曲主题,['个体存在']
崔健,演唱,阳光下的梦
时间的B面,包含意象,"['变形的镜子', '孔雀的屁股']"
时间的B面,核心情感,"['迷茫困惑', '反叛抗争', '荒诞疏离']"
时间的B面,风格标签,"['隐喻象征', '冷峻戏谑', '个人化叙述']"
时间的B面,歌曲主题,['自我审视']
崔健,演唱,时间的B面
鱼鸟之恋,包含意象,"['羽毛', '海水', '肺', '眼泪', '床']"
鱼鸟之恋,核心情感,"['难解难分', '身不由己']"
鱼鸟之恋,风格标签,"['寓言情歌', '对唱叙事', '超现实比喻']"
鱼鸟之恋,歌曲主题,['爱情']
崔健,演唱,鱼鸟之恋
留守者,包含意象,[]
留守者,核心情感,"['隐忍悲怆', '压抑挣扎']"
留守者,风格标签,"['成语化用', '复沓结构']"
留守者,歌曲主题,['离别']
崔健,演唱,留守者
继续,包含意象,"['黑面體', '泥嘴', '玉米', '銅牆鐵壁', '大棒子', '牆体']"
继续,核心情感,"['坚韧不屈', '压抑抗争']"
继续,风格标签,"['象征主义', '对立修辞']"
继续,歌曲主题,['个体抗争']
崔健,演唱,继续
死不回头,包含意象,"['南墙', '骨头', '肉', '臭']"
死不回头,核心情感,"['悲壮', '孤勇']"
死不回头,风格标签,"['拟人化对抗', '象征主义', '硬核表达']"
死不回头,歌曲主题,['个人抗争']
崔健,演唱,死不回头
浑水湖漫步,包含意象,['浑水']
浑水湖漫步,核心情感,"['悖论体认', '困顿自由']"
浑水湖漫步,风格标签,"['隐喻象征', '哲学寓言']"
浑水湖漫步,歌曲主题,['哲理思考']
崔健,演唱,浑水湖漫步
飞狗,包含意象,"['黑洞', '飞狗', '庞然大物', '海市蜃楼', '银河', '肚脐眼']"
飞狗,核心情感,"['反叛', '荒诞', '孤绝']"
飞狗,风格标签,"['象征主义', '批判性', '超现实主义']"
飞狗,歌曲主题,['社会批判']
崔健,演唱,飞狗
不用告诉我,包含意象,['平行线']
不用告诉我,核心情感,"['卑微无奈', '隐忍克制']"
不用告诉我,风格标签,"['隐喻表达', '重复强化']"
不用告诉我,歌曲主题,['爱情']
韦礼安,演唱,不用告诉我
面具,包含意象,['傀儡']
面具,核心情感,"['自我撕裂', '虚无妥协']"
面具,风格标签,"['隐喻化叙事', '自我剖析']"
面具,歌曲主题,['自我认同']
韦礼安,演唱,面具
猫咪共和国,包含意象,"['肉球', '蟑螂']"
猫咪共和国,核心情感,"['亲昵的傲慢', '顽皮的依赖']"
猫咪共和国,风格标签,"['拟人化叙事', '宣言体']"
猫咪共和国,歌曲主题,['宠物日常']
韦礼安,演唱,猫咪共和国
有没有,包含意象,[]
有没有,核心情感,"['疑惧', '怅然']"
有没有,风格标签,"['口语化独白', '结构复沓']"
有没有,歌曲主题,['爱情']
韦礼安,演唱,有没有
心醉心碎,包含意象,['手札']
心醉心碎,核心情感,"['幻灭', '疏离']"
心醉心碎,风格标签,"['内心独白', '情感对仗', '隐喻叙事']"
心醉心碎,歌曲主题,['爱情']
韦礼安,演唱,心醉心碎
明天再见,包含意象,"['星光', '季候风']"
明天再见,核心情感,"['怅然决绝', '矛盾期许']"
明天再见,风格标签,"['意象隐喻', '内心独白']"
明天再见,歌曲主题,['人生']
韦礼安,演唱,明天再见
没有人想念没离开的人,包含意象,"['枝枒', '藤蔓', '菩提']"
没有人想念没离开的人,核心情感,['矛盾怅惘']
没有人想念没离开的人,风格标签,"['对仗句式', '佛典化用']"
没有人想念没离开的人,歌曲主题,['人际关系']
韦礼安,演唱,没有人想念没离开的人
这样好吗,包含意象,['霓虹']
这样好吗,核心情感,"['彷徨不定', '强作豁达']"
这样好吗,风格标签,"['设问递进', '口语叙事']"
这样好吗,歌曲主题,['爱情']
韦礼安,演唱,这样好吗
曙光,包含意象,[]
曙光,核心情感,"['坚韧', '希冀']"
曙光,风格标签,"['叙事抒情', '意象隐喻']"
曙光,歌曲主题,['励志']
韦礼安,演唱,曙光
不都是漫长的道别,包含意象,"['胶原蛋白', '掌声']"
不都是漫长的道别,核心情感,"['沉静感伤', '坦然接纳']"
不都是漫长的道别,风格标签,"['意象对仗', '具象隐喻']"
不都是漫长的道别,歌曲主题,['人生感悟']
韦礼安,演唱,不都是漫长的道别
沉船,包含意象,"['帆', '罗盘', '栏杆', '夕阳', '海洋', '船桨']"
沉船,核心情感,"['悲观宿命', '孤注一掷', '苍凉']"
沉船,风格标签,"['具象诗学', '沉郁回旋', '隐喻笔法']"
沉船,歌曲主题,['人生困境']
韦礼安,演唱,沉船
如果可以,包含意象,"['红色围巾', '红线']"
如果可以,核心情感,"['宿命的渴求', '无悔的决绝']"
如果可以,风格标签,"['时空叙事', '东方意象', '抒情独白']"
如果可以,歌曲主题,['爱情']
韦礼安,演唱,如果可以
狼,包含意象,"['月光', '雪地', '湖水', '标本', '灯']"
狼,核心情感,"['惊惧挣扎', '异化堕落', '微茫希望']"
狼,风格标签,"['哥特式意象', '暴力美学', '隐喻写作']"
狼,歌曲主题,['人性探讨']
韦礼安,演唱,狼
听我的,包含意象,"['scripture', 'gold', 'tongue']"
听我的,核心情感,['倨傲劝诫']
听我的,风格标签,"['中英文杂糅', '直白说教']"
听我的,歌曲主题,['认知引导']
韦礼安,演唱,听我的
因为爱,包含意象,"['对白', '日晒']"
因为爱,核心情感,"['珍视', '坚毅']"
因为爱,风格标签,['直白叙事']
因为爱,歌曲主题,['爱情']
韦礼安,演唱,因为爱
一口一口,包含意象,"['大汤匙', '舌头', '肠胃', '手机']"
一口一口,核心情感,"['焦虑疏离', '徒劳填充']"
一口一口,风格标签,"['生理隐喻', '生活白描']"
一口一口,歌曲主题,['生活独白']
韦礼安,演唱,一口一口
相信谁,包含意象,"['堡垒', '教条', '口号', '羔羊', '牧羊人', '忏悔', '泪']"
相信谁,核心情感,"['幻灭', '质疑']"
相信谁,风格标签,"['隐喻性', '批判性']"
相信谁,歌曲主题,['社会议题']
韦礼安,演唱,相信谁
两脚书橱的逃亡,包含意象,"['水泥墙', '宝藏']"
两脚书橱的逃亡,核心情感,"['决绝', '自我肯定']"
两脚书橱的逃亡,风格标签,"['对比意象', '象征手法', '反复强化']"
两脚书橱的逃亡,歌曲主题,['自我追寻']
韦礼安,演唱,两脚书橱的逃亡
还是会,包含意象,"['脸', '肩', '日出之前']"
还是会,核心情感,"['依恋不舍', '惶惑不安']"
还是会,风格标签,"['口语叙事', '内心独白']"
还是会,歌曲主题,['爱情']
韦礼安,演唱,还是会
七月,包含意象,"['便利商店', '冷气房', '手摇', '黄昏的布幕']"
七月,核心情感,['恬淡怅惘']
七月,风格标签,"['生活流白描', '口语化叙事']"
七月,歌曲主题,['爱情']
韦礼安,演唱,七月
巷口那间,包含意象,"['摊位', '清汤挂面', '猫', '粉尘']"
巷口那间,核心情感,['隐忍的钝感']
巷口那间,风格标签,"['内心独白', '通感修辞', '意象碎片']"
巷口那间,歌曲主题,['成长反思']
韦礼安,演唱,巷口那间
金银岛,包含意象,"['船板', '骷髅', '匕首', '尸体', '黑色头发 褐色皮肤 红色的心脏', '银色发箍', '金色厨具', '利刃']"
金银岛,核心情感,['顿悟虚无']
金银岛,风格标签,"['叙事性作词', '色彩意象', '第一人称叙事']"
金银岛,歌曲主题,['人生警醒']
韦礼安,演唱,金银岛
没有你的世界,包含意象,"['空沙发', '老时钟', '灰色的墙', '旧皮箱', '布满灰尘的窗']"
没有你的世界,核心情感,"['孤寂', '怅惘']"
没有你的世界,风格标签,"['白描', '复沓', '意象抒情']"
没有你的世界,歌曲主题,['爱情']
韦礼安,演唱,没有你的世界
世界上最重要的人,包含意象,[]
世界上最重要的人,核心情感,"['真挚感激', '内向倾诉']"
世界上最重要的人,风格标签,"['第一人称倾诉', '口语化叙事']"
世界上最重要的人,歌曲主题,['情感致谢']
韦礼安,演唱,世界上最重要的人
而立,包含意象,['野兽']
而立,核心情感,"['焦虑', '自省', '困顿']"
而立,风格标签,"['内心独白', '比喻']"
而立,歌曲主题,['人生感悟']
韦礼安,演唱,而立
慢慢等,包含意象,"['上线的铃声', '红灯', '绿灯']"
慢慢等,核心情感,"['守护', '笃定']"
慢慢等,风格标签,"['排比重复', '口语化叙述']"
慢慢等,歌曲主题,['爱情']
韦礼安,演唱,慢慢等
生存之道,包含意象,['泥淖']
生存之道,核心情感,"['困惑挣扎', '坚韧自省']"
生存之道,风格标签,"['排比递进', '内省哲思']"
生存之道,歌曲主题,['人生感悟']
韦礼安,演唱,生存之道
房客,包含意象,"['新背包', '青菜', '水果', '回程车票']"
房客,核心情感,"['疏离的怀念', '温柔的不舍']"
房客,风格标签,"['生活细节白描', '中英夹杂', '内心独白式']"
房客,歌曲主题,['归属变迁']
韦礼安,演唱,房客
是日救星,包含意象,"['负能量疫苗', '解语花', '冷感']"
是日救星,核心情感,"['疏离冷感', '自嘲反讽']"
是日救星,风格标签,"['社会讽喻', '对话体歌词']"
是日救星,歌曲主题,['社会观察']
徐佳莹,演唱,是日救星
明知故犯,包含意象,['手拉胚']
明知故犯,核心情感,"['自毁倾向', '矛盾纠葛']"
明知故犯,风格标签,"['隐喻象征', '复沓结构']"
明知故犯,歌曲主题,['爱情']
徐佳莹,演唱,明知故犯
心里学,包含意象,"['防卫机制', '抓握反射', '人格', '心理战', '迫害', '默哀', '不自爱']"
心里学,核心情感,"['理性自持', '疏离感']"
心里学,风格标签,"['心理学隐喻', '内省式独白', '冷静剖析']"
心里学,歌曲主题,['内心']
徐佳莹,演唱,心里学
拉拉队,包含意象,"['光束', '墨镜', '可乐气泡', '奶油蜡烛', '拉拉队']"
拉拉队,核心情感,"['鼓舞欢腾', '温馨期许', '俏皮']"
拉拉队,风格标签,"['呼告式', '拟人化', '口语化号召']"
拉拉队,歌曲主题,['励志']
徐佳莹,演唱,拉拉队
现在不跳舞要干嘛,包含意象,"['肾上腺素', '饱嗝', '筋骨']"
现在不跳舞要干嘛,核心情感,"['释然', '不羁']"
现在不跳舞要干嘛,风格标签,"['生活口语', '戏谑解构']"
现在不跳舞要干嘛,歌曲主题,['释放自我']
徐佳莹,演唱,现在不跳舞要干嘛
高空弹跳,包含意象,['史前怪兽']
高空弹跳,核心情感,"['自我挣扎', '矛盾内省']"
高空弹跳,风格标签,"['隐喻象征', '具象比喻']"
高空弹跳,歌曲主题,['情感关系']
徐佳莹,演唱,高空弹跳
潜规则,包含意象,"['湿纸巾', '化学变化']"
潜规则,核心情感,"['无力感', '执拗']"
潜规则,风格标签,"['科学隐喻', '叙事口语']"
潜规则,歌曲主题,['爱情']
徐佳莹,演唱,潜规则
一样的月光,包含意象,"['月光', '脸庞', '步伐', '方向', '形状', '窗']"
一样的月光,核心情感,"['孤寂迷惘', '失落怅然']"
一样的月光,风格标签,"['第一人称抒情', '意象复用', '凝练深刻']"
一样的月光,歌曲主题,['爱情']
徐佳莹,演唱,一样的月光
行走的鱼,包含意象,"['鱼', '陆地', '玩具', '外壳']"
行走的鱼,核心情感,"['挣扎', '自愈', '接纳']"
行走的鱼,风格标签,"['情感直白', '排比句式', '对比修辞']"
行走的鱼,歌曲主题,['成长']
徐佳莹,演唱,行走的鱼
到此为止,包含意象,"['污点证人', '番外']"
到此为止,核心情感,['决绝自省']
到此为止,风格标签,['冷峻自白']
到此为止,歌曲主题,['爱情']
徐佳莹,演唱,到此为止
人啊,包含意象,[]
人啊,核心情感,"['矛盾挣扎', '怅然若失', '无可奈何']"
人啊,风格标签,"['排比铺陈', '哲思内省', '直白自述']"
人啊,歌曲主题,['人性反思']
徐佳莹,演唱,人啊
言不由衷,包含意象,['祷文']
言不由衷,核心情感,"['哀伤', '释然']"
言不由衷,风格标签,['祈愿式']
言不由衷,歌曲主题,['爱情']
徐佳莹,演唱,言不由衷
寻人启事,包含意象,['照片']
寻人启事,核心情感,['温柔追寻']
寻人启事,风格标签,['诗意白描']
寻人启事,歌曲主题,['寻人']
徐佳莹,演唱,寻人启事
时间大师,包含意象,"['瞌睡虫', '便条纸', '跑马灯']"
时间大师,核心情感,['时间焦虑']
时间大师,风格标签,"['拟人化时间', '口语化诘问']"
时间大师,歌曲主题,['人生感悟']
徐佳莹,演唱,时间大师
VIP,包含意象,"['咖啡色的金旺', 'VIP座位']"
VIP,核心情感,"['甜蜜的炫耀', '俏皮的占有', '窃喜']"
VIP,风格标签,"['口语化叙事', '戏剧化独白']"
VIP,歌曲主题,['爱情']
徐佳莹,演唱,VIP
离开动物园的狮子,包含意象,"['青苔', '空城']"
离开动物园的狮子,核心情感,"['孤寂解脱', '自我复归', '释然']"
离开动物园的狮子,风格标签,"['拟人寓言', '具象隐喻', '哲思叙事']"
离开动物园的狮子,歌曲主题,['自我追寻']
徐佳莹,演唱,离开动物园的狮子
乐园,包含意象,"['夏日树下', '冬日的冰雪']"
乐园,核心情感,"['坚韧追寻', '自我和解']"
乐园,风格标签,"['诗意隐喻', '哲思自白']"
乐园,歌曲主题,['成长']
徐佳莹,演唱,乐园
瓶颈,包含意象,"['淤泥', '撞墙期', '易碎物品']"
瓶颈,核心情感,"['矛盾依存', '困顿挣扎']"
瓶颈,风格标签,"['隐喻写作', '内心独白', '细腻抒情']"
瓶颈,歌曲主题,['爱情']
徐佳莹,演唱,瓶颈
绿洲,包含意象,"['绿洲', '海市蜃楼']"
绿洲,核心情感,"['幻灭感', '自省压抑']"
绿洲,风格标签,"['意象悖论', '结构复沓', '内心独白']"
绿洲,歌曲主题,['爱情']
徐佳莹,演唱,绿洲
Love,包含意象,"['和弦', '芭乐歌']"
Love,核心情感,"['欢愉沉醉', '情难自禁']"
Love,风格标签,"['口语化', '自反性']"
Love,歌曲主题,['爱情']
徐佳莹,演唱,Love
白旗,包含意象,"['豆腐渣', '白旗', '风口']"
白旗,核心情感,"['倔强', '决绝']"
白旗,风格标签,['私语化写作']
白旗,歌曲主题,['励志']
徐佳莹,演唱,白旗
病人,包含意象,"['护士', '医生', '天使']"
病人,核心情感,"['反讽自省', '无奈疏离']"
病人,风格标签,"['隐喻叙事', '心理剖析']"
病人,歌曲主题,['人际关系']
徐佳莹,演唱,病人
不难,包含意象,[]
不难,核心情感,['释然感伤']
不难,风格标签,['直白叙事']
不难,歌曲主题,['爱情']
徐佳莹,演唱,不难
残爱,包含意象,['对白']
残爱,核心情感,['清醒痛楚']
残爱,风格标签,['痛感抒情']
残爱,歌曲主题,['爱情']
徐佳莹,演唱,残爱
辣椒,包含意象,"['茧', '飞蛾', '火']"
辣椒,核心情感,"['自毁倾向', '偏执倔强', '痛苦决绝']"
辣椒,风格标签,"['尖锐奇喻', '对抗性叙事']"
辣椒,歌曲主题,['爱情']
徐佳莹,演唱,辣椒
只要一分钟,包含意象,[]
只要一分钟,核心情感,"['缅怀温柔', '悲欣交集']"
只要一分钟,风格标签,"['日常白描', '瞬间顿悟']"
只要一分钟,歌曲主题,['爱情']
徐佳莹,演唱,只要一分钟
糖果粉碎者,包含意象,['糖果']
糖果粉碎者,核心情感,"['委屈控诉', '清醒疏离']"
糖果粉碎者,风格标签,"['口语对话体', '宣言式重复', '比喻象征']"
糖果粉碎者,歌曲主题,['人际关系']
徐佳莹,演唱,糖果粉碎者
我想到你就再也不怕,包含意象,[]
我想到你就再也不怕,核心情感,"['怅然若失', '怨艾交织']"
我想到你就再也不怕,风格标签,['内心剖白']
我想到你就再也不怕,歌曲主题,['爱情']
徐佳莹,演唱,我想到你就再也不怕
喔伊细,包含意象,"['爱河', '礼盒', '饱嗝']"
喔伊细,核心情感,"['轻盈欢欣', '恬然满足']"
喔伊细,风格标签,"['口语叙事', '叠句复沓']"
喔伊细,歌曲主题,['爱情']
徐佳莹,演唱,喔伊细
记得带走,包含意象,"['信任的刀', '海洋', '死囚', '太阳']"
记得带走,核心情感,"['辩白', '悲悯', '沉郁']"
记得带走,风格标签,"['隐喻写作', '拟人手法', '对话体']"
记得带走,歌曲主题,['爱情']
徐佳莹,演唱,记得带走
去我家,包含意象,"['水仙花', '袜子']"
去我家,核心情感,"['疲惫迷茫', '释然向前']"
去我家,风格标签,"['口语叙事', '文艺比喻']"
去我家,歌曲主题,['友情']
徐佳莹,演唱,去我家
大头仔,包含意象,"['骆驼客', '迷你me']"
大头仔,核心情感,['坚韧温情']
大头仔,风格标签,['口语化叙事']
大头仔,歌曲主题,['亲情']
徐佳莹,演唱,大头仔
切歌,包含意象,"['麦克风', '主打歌']"
切歌,核心情感,"['超然', '洒脱']"
切歌,风格标签,['生活化隐喻']
切歌,歌曲主题,['人际关系']
徐佳莹,演唱,切歌
出口,包含意象,"['火车', '磅空', '星光', '天光']"
出口,核心情感,"['坚韧', '希望', '笃定']"
出口,风格标签,"['方言融合', '对比修辞', '直抒胸臆']"
出口,歌曲主题,['成长励志']
徐佳莹,演唱,出口
极限,包含意象,[]
极限,核心情感,"['自我抗争', '崩溃边缘']"
极限,风格标签,"['内心独白', '结构对仗', '冷峻自省']"
极限,歌曲主题,['心理极限']
徐佳莹,演唱,极限
准明星,包含意象,"['镜头', '光环', '折扣']"
准明星,核心情感,"['张扬自信', '自我肯定']"
准明星,风格标签,"['直白宣言', '第一人称叙述']"
准明星,歌曲主题,['自我宣扬']
徐佳莹,演唱,准明星
树洞的声音,包含意象,"['风声', '浪声', '蝴蝶', '花', '刺', '星星']"
树洞的声音,核心情感,"['慰藉', '接纳']"
树洞的声音,风格标签,"['诗意隐喻', '内心独白']"
树洞的声音,歌曲主题,['情感联结']
徐佳莹,演唱,树洞的声音
没有第三者的分手,包含意象,"['第三者', '坏人', '受害者']"
没有第三者的分手,核心情感,"['清醒的痛楚', '无奈的内省']"
没有第三者的分手,风格标签,"['情感解构', '独白叙事']"
没有第三者的分手,歌曲主题,['爱情']
徐佳莹,演唱,没有第三者的分手
你敢不敢,包含意象,"['电话', '晚安', '眼泪']"
你敢不敢,核心情感,"['卑微', '矛盾', '隐忍']"
你敢不敢,风格标签,"['复沓咏叹', '内心独白', '直白抒情']"
你敢不敢,歌曲主题,['爱情']
徐佳莹,演唱,你敢不敢
我没时间讨厌你,包含意象,[]
我没时间讨厌你,核心情感,['倦怠疏离']
我没时间讨厌你,风格标签,"['直白叙事', '内心独白']"
我没时间讨厌你,歌曲主题,['爱情']
徐佳莹,演唱,我没时间讨厌你
哼情歌,包含意象,[]
哼情歌,核心情感,"['怅然若失', '无奈眷恋']"
哼情歌,风格标签,"['结构复沓', '内心独白']"
哼情歌,歌曲主题,['爱情']
徐佳莹,演唱,哼情歌
以上皆非,包含意象,"['场灯', '烟幕', '回忆录']"
以上皆非,核心情感,"['内在冲突', '自我解构']"
以上皆非,风格标签,"['矛盾修辞', '舞台元叙事']"
以上皆非,歌曲主题,['艺人自白']
徐佳莹,演唱,以上皆非
明天的事情,包含意象,"['舞台剧', '情人节餐厅']"
明天的事情,核心情感,"['忐忑', '眷恋']"
明天的事情,风格标签,['对立铺陈']
明天的事情,歌曲主题,['爱情']
徐佳莹,演唱,明天的事情
理想人生,包含意象,[]
理想人生,核心情感,['释然与接纳']
理想人生,风格标签,"['生活化隐喻', '细腻白描', '结构复沓']"
理想人生,歌曲主题,['成长']
徐佳莹,演唱,理想人生
圆舞曲,包含意象,"['灯红酒绿', '月的缺盈', '潮汐', '圆舞曲']"
圆舞曲,核心情感,"['自省', '坚定']"
圆舞曲,风格标签,"['叙事性', '意象对比']"
圆舞曲,歌曲主题,['自我成长']
徐佳莹,演唱,圆舞曲
不安小姐,包含意象,"['早餐', '茶', '碗']"
不安小姐,核心情感,"['慰藉', '不甘', '反复', '不安']"
不安小姐,风格标签,"['自白体', '犀利口语', '内心独白']"
不安小姐,歌曲主题,['爱情']
徐佳莹,演唱,不安小姐
不怕庆祝,包含意象,[]
不怕庆祝,核心情感,"['孤勇', '炽热']"
不怕庆祝,风格标签,"['矛盾修辞', '内心独白']"
不怕庆祝,歌曲主题,['爱情']
徐佳莹,演唱,不怕庆祝
饥饿女士,包含意象,"['入场券', '资讯']"
饥饿女士,核心情感,"['焦灼', '贪婪']"
饥饿女士,风格标签,"['排比递进', '叙事性']"
饥饿女士,歌曲主题,['欲望']
裘徳,演唱,饥饿女士
弟弟,包含意象,"['彩色气球', '炒年糕']"
弟弟,核心情感,"['自嘲', '疏离']"
弟弟,风格标签,"['叙事性', '自嘲口吻', '跳跃思维']"
弟弟,歌曲主题,['青春']
裘徳,演唱,弟弟
斯德哥尔摩难题,包含意象,"['卡路里', '汗水', '油水分离']"
斯德哥尔摩难题,核心情感,"['矛盾共生', '病态依赖', '焦虑与安心交织']"
斯德哥尔摩难题,风格标签,"['概念隐喻(科学健身)', '心理学意象', '对仗工整']"
斯德哥尔摩难题,歌曲主题,['爱情']
裘徳,演唱,斯德哥尔摩难题
昨晚我梦见我学会了游泳,包含意象,"['消毒试剂', '酒瓶', '池鱼', '涡旋', '桨']"
昨晚我梦见我学会了游泳,核心情感,"['冷寂疏离', '挣扎释然']"
昨晚我梦见我学会了游泳,风格标签,"['工业与自然意象的混合', '超现实画面拼贴', '冷静的叙事口吻', '存在主义的思辨']"
昨晚我梦见我学会了游泳,歌曲主题,['自我追寻']
裘徳,演唱,昨晚我梦见我学会了游泳
色盲,包含意象,"['蓝色的汗水', '茶绯红', '柳橙色', '铜绿', '菖蒲色的鸟', '黄的月亮', '漆黑的隧道', '石像', '万花筒', '琥珀色']"
色盲,核心情感,"['矛盾的诗意', '疏离的执着']"
色盲,风格标签,"['通感写作', '色彩梦境']"
色盲,歌曲主题,['情感关系']
裘徳,演唱,色盲
浮动的岛,包含意象,"['星辰轨道', '白色砂糖', '巨鲸', '海岸线', '海妖的拉链', '浮动的岛', '浪花']"
浮动的岛,核心情感,"['宿命浪漫', '淡然交织']"
浮动的岛,风格标签,"['现代诗化作词', '超现实意象']"
浮动的岛,歌曲主题,['爱情']
裘徳,演唱,浮动的岛
街头艺术家,包含意象,"['涂鸦', '调色盘', '蒙娜丽莎', '烟圈', '素描']"
街头艺术家,核心情感,"['疏离坚持', '荒诞自持']"
街头艺术家,风格标签,"['叙事意象', '具象隐喻']"
街头艺术家,歌曲主题,['艺术创作']
裘徳,演唱,街头艺术家
体无完肤,包含意象,"['皮癣', '脓疮', '斑点']"
体无完肤,核心情感,"['病态自弃', '自我惩戒']"
体无完肤,风格标签,['病理隐喻']
体无完肤,歌曲主题,['自我挣扎']
裘徳,演唱,体无完肤
科学家,包含意象,"['test tube', 'residue', 'ember', 'ash', 'X-ray']"
科学家,核心情感,"['理性疏离', '实验性困惑']"
科学家,风格标签,['科学隐喻']
科学家,歌曲主题,['爱情']
裘徳,演唱,科学家
浓缩蓝鲸,包含意象,"['蓝鲸', '磷虾', '岛屿']"
浓缩蓝鲸,核心情感,"['沉溺宿命', '温柔悲悯']"
浓缩蓝鲸,风格标签,"['诗意隐喻', '戏剧场景']"
浓缩蓝鲸,歌曲主题,['生命关怀']
裘徳,演唱,浓缩蓝鲸
B级鲨鱼,包含意象,"['乌贼', '安徒生', '素食火锅']"
B级鲨鱼,核心情感,"['荒诞自嘲', '戏谑坚韧']"
B级鲨鱼,风格标签,['戏谑超现实主义']
B级鲨鱼,歌曲主题,['生存叙事']
裘徳,演唱,B级鲨鱼
仿生海龟,包含意象,"['海藻', '锈', '符文', '甲面', '一抹红', '图腾', '白兔', '洋流', '机械', '唇语', '断电']"
仿生海龟,核心情感,"['仿生浪漫', '程序焦虑']"
仿生海龟,风格标签,"['科幻叙事', '拟人寓言']"
仿生海龟,歌曲主题,['存在命题']
裘徳,演唱,仿生海龟
麻烦删掉狮子座,包含意象,"['潘朵拉魔盒', '赫拉的咒缚', 'Heracles']"
麻烦删掉狮子座,核心情感,"['戏谑自反', '叛逆自省']"
麻烦删掉狮子座,风格标签,"['神话隐喻', '意识流叙事']"
麻烦删掉狮子座,歌曲主题,['自我表达']
裘徳,演唱,麻烦删掉狮子座
颁奖的时候我要缺席,包含意象,"['珠片', '菲林', '雨中曲', '荆棘的桂冠']"
颁奖的时候我要缺席,核心情感,"['疏离反讽', '内省超脱']"
颁奖的时候我要缺席,风格标签,"['华丽隐喻', '叙事寓言']"
颁奖的时候我要缺席,歌曲主题,['社会讽喻']
裘徳,演唱,颁奖的时候我要缺席
练声曲,包含意象,"['奇点', '恒星', '虚空']"
练声曲,核心情感,"['创世热忱', '执着咏叹']"
练声曲,风格标签,"['科幻诗性', '双语互文']"
练声曲,歌曲主题,['艺术创作']
裘徳,演唱,练声曲
老古董,包含意象,"['牛皮鞋', '二八锰钢的车子', '昆汀电影', '燃尽的烟', '佝偻的线']"
老古董,核心情感,"['隐忍的沧桑', '克制的深情', '迟暮的释怀']"
老古董,风格标签,"['物件叙事', '场景白描', '冷静叙事']"
老古董,歌曲主题,"['亲情', '时代']"
裘徳,演唱,老古董
水母银河,包含意象,"['肌肉水母', '海带', '无重力地带', '第三类宇宙', '缸中世界']"
水母银河,核心情感,"['疏离的荒诞', '自嘲的孤独']"
水母银河,风格标签,"['科幻寓言', '超现实叙事']"
水母银河,歌曲主题,['生命沉思']
裘徳,演唱,水母银河
气温差,包含意象,"['mead', 'duvets', 'chocolate mousse', 'snow globe']"
气温差,核心情感,"['缱绻', '甜腻', '朦胧']"
气温差,风格标签,"['中英文混作', '私密叙事', '通感意象']"
气温差,歌曲主题,['爱情']
裘徳,演唱,气温差
今天吃点什么好,包含意象,"['成人时的生日蛋糕', '黄油面包', '下水道']"
今天吃点什么好,核心情感,['荒诞自嘲']
今天吃点什么好,风格标签,"['烹饪隐喻', '夸张戏谑']"
今天吃点什么好,歌曲主题,['内心独白']
裘徳,演唱,今天吃点什么好
火之涂写,包含意象,"['squid', 'leviathan', 'salmon fish', 'Pompeii']"
火之涂写,核心情感,"['病态沉溺', '强权压抑']"
火之涂写,风格标签,"['隐喻写作', '戏剧化叙事', '戏剧寓言']"
火之涂写,歌曲主题,['权力寓言']
裘徳,演唱,火之涂写
胚胎,包含意象,"['母体', '水纹', '表情', '墨绿', '殷红', '外衣', '词语', '河流', '游离', '表皮', '名字', '谜']"
胚胎,核心情感,"['沉溺探索', '混沌依恋']"
胚胎,风格标签,"['隐喻贯穿', '意象联觉', '抽象具象']"
胚胎,歌曲主题,['生命意识']
裘徳,演唱,胚胎
噢买尬,包含意象,"['巴黎铁塔', '东京铁塔', '蛋塔金字塔']"
噢买尬,核心情感,"['狂喜', '温情']"
噢买尬,风格标签,"['口语叙事', '俏皮比喻']"
噢买尬,歌曲主题,['友情']
五月天,演唱,噢买尬
如果我们不曾相遇,包含意象,"['晒伤的脱皮', '意外的雪景', '荒漠唯一菩提', '蝶翼']"
如果我们不曾相遇,核心情感,['宿命慰藉']
如果我们不曾相遇,风格标签,"['假设叙事', '诗意比喻']"
如果我们不曾相遇,歌曲主题,['相遇']
五月天,演唱,如果我们不曾相遇
温柔,包含意象,"['阳光', '黎明', '巷子口']"
温柔,核心情感,"['克制成全', '深藏眷恋']"
温柔,风格标签,"['排比递进', '重复强调', '内心独白']"
温柔,歌曲主题,['爱情']
五月天,演唱,温柔
如烟,包含意象,"['蝉', '书签', '玫瑰', '纸屑', '花瓣']"
如烟,核心情感,"['生命回溯', '虚幻挽歌']"
如烟,风格标签,"['叙事性意象', '诗意哲思']"
如烟,歌曲主题,['人生回望']
五月天,演唱,如烟
转眼,包含意象,"['唱片行', '博物馆', '沙堡', '药罐', '空房', '婴儿床']"
转眼,核心情感,"['存在焦虑', '生命哲思']"
转眼,风格标签,"['叙事诗体', '比喻密集']"
转眼,歌曲主题,['生命感怀']
五月天,演唱,转眼
干杯,包含意象,"['汽水', '操场', '考卷', '同学会']"
干杯,核心情感,"['怀旧', '感怀', '感念']"
干杯,风格标签,"['排比铺陈', '场景叙事']"
干杯,歌曲主题,"['友情', '怀旧']"
五月天,演唱,干杯
约翰蓝侬,包含意象,"['子弹', '躯壳', '红心', '吉他', '摄影棚', '厕所']"
约翰蓝侬,核心情感,"['悲壮憧憬', '理想主义哀愁']"
约翰蓝侬,风格标签,"['象征主义', '自传性叙事', '超现实意象']"
约翰蓝侬,歌曲主题,['理想追寻']
五月天,演唱,约翰蓝侬
后青春期的诗,包含意象,[]
后青春期的诗,核心情感,"['释然', '憧憬']"
后青春期的诗,风格标签,"['诗化语言', '比喻修辞', '象征手法']"
后青春期的诗,歌曲主题,['成长']
五月天,演唱,后青春期的诗
后来的我们,包含意象,[]
后来的我们,核心情感,"['怅然释怀', '衷心祝福']"
后来的我们,风格标签,"['对话式笔触', '重复递进', '今昔对比']"
后来的我们,歌曲主题,['爱情']
五月天,演唱,后来的我们
你不是真正的快乐,包含意象,"['保护色', '躯壳', '银河', '刀割']"
你不是真正的快乐,核心情感,"['情感压抑', '存在疏离']"
你不是真正的快乐,风格标签,"['比喻修辞', '内心独白']"
你不是真正的快乐,歌曲主题,['情感压抑']
五月天,演唱,你不是真正的快乐
成名在望,包含意象,"['盆地边缘', '排练室', '曼陀罗花', '放学的屋顶']"
成名在望,核心情感,"['挣扎', '诘问', '苍茫', '信仰']"
成名在望,风格标签,"['叙事性', '意象堆叠', '自传体']"
成名在望,歌曲主题,['成长追梦']
五月天,演唱,成名在望
夜访吸血鬼,包含意象,"['蝙蝠', '披肩', '玫瑰', '镜中的脸', '相片', '圣水', '酒杯', '唇', '拳']"
夜访吸血鬼,核心情感,"['存在焦虑', '永恒孤寂']"
夜访吸血鬼,风格标签,"['第一人称叙事', '隐喻象征']"
夜访吸血鬼,歌曲主题,['存在困境']
五月天,演唱,夜访吸血鬼
诺亚方舟,包含意象,"['草莓甜甜圈', '鹦鹉', '孔雀', '花豹', '自由女神', '杜拜塔', '海豚', '西藏的屋簷', '彗星', '陨石']"
诺亚方舟,核心情感,"['悲壮', '决绝', '释然', '希冀']"
诺亚方舟,风格标签,"['意象叙事', '超现实寓言', '末日诗篇']"
诺亚方舟,歌曲主题,['人类寓言']
五月天,演唱,诺亚方舟
入阵曲,包含意象,"['兰陵', '孤冢', '丹青', '魑魅魍魉']"
入阵曲,核心情感,"['悲愤', '决绝']"
入阵曲,风格标签,"['古风辞藻', '社会批判']"
入阵曲,歌曲主题,['历史']
五月天,演唱,入阵曲
第二人生,包含意象,[]
第二人生,核心情感,"['生存倦怠', '积极决断']"
第二人生,风格标签,['哲理叙事']
第二人生,歌曲主题,['人生']
五月天,演唱,第二人生
笑忘歌,包含意象,"['屋顶', '夕阳', '火车']"
笑忘歌,核心情感,"['释然', '欣悦', '知足']"
笑忘歌,风格标签,"['复沓咏叹', '口语倾诉', '比喻象征']"
笑忘歌,歌曲主题,['青春怀旧']
五月天,演唱,笑忘歌
